id,question,prediction,ground_truth,dataset,task_type,thinking_mode,is_correct,correctness_score,similarity,poincare_scale,hhem_score,hhem_is_consistent,hhem_best_reference,hhem_threshold
sciq_0,"When resources are limited, populations exhibit what type of growth?",Logistic growth.,logistic growth,sciq,short_form,no_thinking,1,1.0,0.9752841,0.05,0.5020980834960938,1,logistic growth,0.5
sciq_1,The sun gives off energy in tiny packets called what?,Photons.,photons,sciq,short_form,no_thinking,1,1.0,0.964079,0.05,0.5020980834960938,1,photons,0.5
sciq_2,"The three parts of the human small intestine is the duodenum, jejunum, and what?",Ileum,ileum,sciq,short_form,no_thinking,1,1.0,1.0,0.05,0.5020980834960938,1,ileum,0.5
sciq_3,What type of crust is made of basalt lavas that flow onto the seafloor?,Oceanic crust.,oceanic,sciq,short_form,no_thinking,1,1.0,0.9397042,0.05,0.5020980834960938,1,oceanic,0.5
sciq_4,"The body cannot sustain for very long the bursts of energy mediated by epinephrine and norepinephrine, hormones associated with what stress response?",Fight-or-flight response.,fight-or-flight,sciq,short_form,no_thinking,1,1.0,0.95987165,0.05,0.5020980834960938,1,fight-or-flight,0.5
sciq_5,Chelicerae in spiders are often modified into fangs that perform what function?,Inject venom.,inject venom,sciq,short_form,no_thinking,1,1.0,0.96780336,0.05,0.5020980834960938,1,inject venom,0.5
sciq_6,What involves sensing and focusing light from people and objects?,Ophthalmologist,vision,sciq,short_form,no_thinking,0,0.0,0.91777,0.05,0.5020980834960938,1,vision,0.5
sciq_7,What is stored mainly in liver and muscle cells by humans and other vertebrates?,Glycogen.,glycogen,sciq,short_form,no_thinking,1,1.0,0.96725655,0.05,0.5020980834960938,1,glycogen,0.5
sciq_8,What percentage of the field is tilled in traditional plowing?,70%,100%,sciq,short_form,no_thinking,0,0.0,0.92360204,0.05,0.5020980834960938,1,100%,0.5
sciq_9,What type of components of the biosphere do chemical elements and water pass through during ecosystem recycle?,Biogeochemical cycles.,biotic and abiotic,sciq,short_form,no_thinking,0,0.0,0.926991,0.05,0.5020980834960938,1,biotic and abiotic,0.5
sciq_10,"Digestive enzymes are released, or secreted, by the organs of which body system?",Digestive system,digestive system,sciq,short_form,no_thinking,1,1.0,1.0,0.05,0.5020980834960938,1,digestive system,0.5
sciq_11,What is the passing of traits from parents to offspring called?,Heredity.,heredity,sciq,short_form,no_thinking,1,1.0,0.96567655,0.05,0.5020980834960938,1,heredity,0.5
sciq_12,Potassium hydroxide in soap is an example of what?,Alkali.,base,sciq,short_form,no_thinking,0,0.0,0.9122581,0.05,0.5020980834960938,1,base,0.5
sciq_13,What is the energy that matter possesses because of its location or structure?,Potential energy.,potential energy,sciq,short_form,no_thinking,1,1.0,0.96608484,0.05,0.5020980834960938,1,potential energy,0.5
sciq_14,What is the radioactive process used in nuclear power plants and one type of nuclear bomb?,Fission,fission,sciq,short_form,no_thinking,1,1.0,1.0,0.05,0.5020980834960938,1,fission,0.5
sciq_15,Which chemist developed a process to remove carbon and dust particles in smoke?,Humphry Davy,frederick cottrell,sciq,short_form,no_thinking,0,0.0,0.89698267,0.05,0.5020980834960938,1,frederick cottrell,0.5
sciq_16,"Carpal, metacarpal and phalanx bones comprise what part of the body?",Hand,hand,sciq,short_form,no_thinking,1,1.0,1.0,0.05,0.5020980834960938,1,hand,0.5
sciq_17,What record shows that dinosaurs originated 200-250 million years ago?,Cretaceous-Paleogene boundary.,fossil record,sciq,short_form,no_thinking,0,0.0,0.92397344,0.05,0.5020980834960938,1,fossil record,0.5
sciq_18,What is the term for an exact genetic copy?,Clone,clone,sciq,short_form,no_thinking,1,1.0,1.0,0.05,0.5020980834960938,1,clone,0.5
sciq_19,How many types of molecular orbitals can form from the overlap of two atomic s orbitals on adjacent atoms?,2,two,sciq,short_form,no_thinking,0,0.0,0.94980365,0.05,0.5020980834960938,1,two,0.5
sciq_20,What two types of tissue compose most of the non-pregnant and non-lactating female breast?,Dense fibrous tissue and adipose tissue.,adipose and collagenous,sciq,short_form,no_thinking,0,0.0,0.9387514,0.05,0.5020980834960938,1,adipose and collagenous,0.5
sciq_21,Each species has a particular way of making a living which is called its what?,Niche.,niche,sciq,short_form,no_thinking,1,1.0,0.9630916,0.05,0.5020980834960938,1,niche,0.5
sciq_22,What provides clear evidence of evolution?,Fossil record.,fossils,sciq,short_form,no_thinking,0,0.0,0.9437677,0.05,0.5020980834960938,1,fossils,0.5
sciq_23,"Club mosses, horsetails, ferns, and whisk ferns are examples of what type of plants?",Vascular plants.,seedless vascular plants,sciq,short_form,no_thinking,0,0.0,0.9420033,0.05,0.5020980834960938,1,seedless vascular plants,0.5
sciq_24,What is the cause of common mold allergies?,Mold spores.,airborne mold spores,sciq,short_form,no_thinking,0,0.0,0.9506401,0.05,0.5020980834960938,1,airborne mold spores,0.5
sciq_25,"In many places, small hills rise above the ocean floor. these hills are undersea volcanoes, called what?",Seamounts,seamounts,sciq,short_form,no_thinking,1,1.0,1.0,0.05,0.5020980834960938,1,seamounts,0.5
sciq_26,By exploding what the space probes get separated from their launchers?,Rocket stages.,bolts,sciq,short_form,no_thinking,0,0.0,0.9105088,0.05,0.5020980834960938,1,bolts,0.5
sciq_27,About what percentage of the earth's water is fresh water?,3%,three percent,sciq,short_form,no_thinking,0,0.0,0.9682404,0.05,0.5020980834960938,1,three percent,0.5
sciq_28,"In the u. s. , the majority of electricity is produced by burning coal or what else?",natural gas,fossil fuels,sciq,short_form,no_thinking,0,0.0,0.92508143,0.05,0.5020980834960938,1,fossil fuels,0.5
sciq_29,"No charge is actually created or destroyed when charges are separated as we have been discussing. rather, existing charges are moved about. in fact, in all situations the total amount of charge is always this?",Conserved.,constant,sciq,short_form,no_thinking,0,0.0,0.9192495,0.05,0.5020980834960938,1,constant,0.5
sciq_30,What group of animals has adapted to live in both water and on land?,Amphibians.,amphibians,sciq,short_form,no_thinking,1,1.0,0.9580745,0.05,0.5020980834960938,1,amphibians,0.5
sciq_31,"When present in large volumes, what color hue can water emit?",Blue.,blue,sciq,short_form,no_thinking,1,1.0,0.958172,0.05,0.5020980834960938,1,blue,0.5
sciq_32,What is the space between a neuron and the next cell?,Synapse.,the synapse,sciq,short_form,no_thinking,1,1.0,0.9603009,0.05,0.5020980834960938,1,the synapse,0.5
sciq_33,What is the study of how forces affect the motion of objects?,Mechanics.,dynamics,sciq,short_form,no_thinking,0,0.0,0.92607665,0.05,0.5020980834960938,1,dynamics,0.5
sciq_34,What is a large molecule with many repeating units?,Polymer.,polymer,sciq,short_form,no_thinking,1,1.0,0.95799935,0.05,0.5020980834960938,1,polymer,0.5
sciq_35,"Vertebrate animals have two major body cavities, the dorsal and what is the other?",Ventral.,spinal cavity,sciq,short_form,no_thinking,0,0.0,0.91453236,0.05,0.5020980834960938,1,spinal cavity,0.5
sciq_36,Gymnamoebas constitute a large and varied group of what?,Protozoa,amoebozoans,sciq,short_form,no_thinking,0,0.0,0.9371446,0.05,0.5020980834960938,1,amoebozoans,0.5
sciq_37,Reptiles are described by what term that means their internal temperature depends on the temperature of their environment?,Ectothermic.,ectothermic,sciq,short_form,no_thinking,1,1.0,0.96365666,0.05,0.5020980834960938,1,ectothermic,0.5
sciq_38,A bee will sometimes do a dance to tell other bees in the hive where to find what?,Food sources,food,sciq,short_form,no_thinking,1,1.0,0.9381434,0.05,0.5020980834960938,1,food,0.5
sciq_39,Salts that are neither acidic nor basic do not affect what property of the solution when dissolved in water?,Neutral salts.,ph,sciq,short_form,no_thinking,0,0.0,0.91553307,0.05,0.5020980834960938,1,ph,0.5
sciq_40,Ibuprofen and albuterol are examples of drugs whose _________ have different effects.,Mechanisms of action.,enantiomers,sciq,short_form,no_thinking,0,0.0,0.91330135,0.05,0.5020980834960938,1,enantiomers,0.5
sciq_41,The chemical and/or physical agents that cause mutations are called what?,Mutagens.,mutagens,sciq,short_form,no_thinking,1,1.0,0.9657696,0.05,0.5020980834960938,1,mutagens,0.5
sciq_42,"Unlike matter, which is continuously recycled through ecosystems, what must constantly be added to an ecosystem for use by organisms?",Energy,energy,sciq,short_form,no_thinking,1,1.0,0.99999994,0.05,0.5020980834960938,1,energy,0.5
sciq_43,When water is aerated it can provide a plant's roots with what gas for cellular respiration?,Oxygen,oxygen,sciq,short_form,no_thinking,1,1.0,1.0,0.05,0.5020980834960938,1,oxygen,0.5
sciq_44,What is a vector quantity with the same direction as the force called?,Impulse,impulse,sciq,short_form,no_thinking,1,1.0,1.0,0.05,0.5020980834960938,1,impulse,0.5
sciq_45,What are plant structures that contain male and/or female reproductive organs?,Flowers.,flowers,sciq,short_form,no_thinking,1,1.0,0.9524792,0.05,0.5020980834960938,1,flowers,0.5
sciq_46,Organs involved in digestion that do not have food pass through them are called?,Accessory organs.,accessory organs,sciq,short_form,no_thinking,1,1.0,0.97500336,0.05,0.5020980834960938,1,accessory organs,0.5
sciq_47,What artery takes blood to the brain?,Internal Carotid Artery,carotid,sciq,short_form,no_thinking,1,1.0,0.9368348,0.05,0.5020980834960938,1,carotid,0.5
sciq_48,What do ecologists study at every level?,Ecosystems.,ecosystems,sciq,short_form,no_thinking,1,1.0,0.9599081,0.05,0.5020980834960938,1,ecosystems,0.5
sciq_49,What is the term for when an embryo fixes itself to the side of the uterus?,Implantation.,implantation,sciq,short_form,no_thinking,1,1.0,0.95941794,0.05,0.5020980834960938,1,implantation,0.5
sciq_50,Cells that have a nucleus and other organelles which are membrane-bound are generally called what kinds of cells?,Eukaryotic cells.,eukaryotic,sciq,short_form,no_thinking,1,1.0,0.9522266,0.05,0.5020980834960938,1,eukaryotic,0.5
sciq_51,"While ecosystems need a constant input of energy for their organisms, what do ecosystems recycle?",Nutrients.,matter,sciq,short_form,no_thinking,0,0.0,0.9183661,0.05,0.5020980834960938,1,matter,0.5
sciq_52,What are the two most common silicates?,Feldspar and quartz.,feldspar and quartz,sciq,short_form,no_thinking,1,1.0,0.97293913,0.05,0.5020980834960938,1,feldspar and quartz,0.5
sciq_53,What unit do astronomers use to describe distances in space?,Light-year,light years,sciq,short_form,no_thinking,0,0.0,0.95870036,0.05,0.5020980834960938,1,light years,0.5
sciq_54,What type of telescopes collect and focus radio waves from distant objects?,Radio telescopes.,radio telescopes,sciq,short_form,no_thinking,1,1.0,0.9689736,0.05,0.5020980834960938,1,radio telescopes,0.5
sciq_55,"What nervous system is divided into two parts, the sensory division and the motor division?",Autonomic nervous system.,peripheral,sciq,short_form,no_thinking,0,0.0,0.91670513,0.05,0.5020980834960938,1,peripheral,0.5
sciq_56,Algae produce food using what process?,Photosynthesis.,photosynthesis,sciq,short_form,no_thinking,1,1.0,0.9602986,0.05,0.5020980834960938,1,photosynthesis,0.5
sciq_57,What indicates the speed at which a reaction proceeds?,Reaction rate.,the reaction rate,sciq,short_form,no_thinking,1,1.0,0.9653773,0.05,0.5020980834960938,1,the reaction rate,0.5
sciq_58,"Competition that occurs between members of the same species, which improves the species’ adaptations, is called what?",Intraspecific competition.,intraspecific competition,sciq,short_form,no_thinking,1,1.0,0.9844976,0.05,0.5020980834960938,1,intraspecific competition,0.5
sciq_59,Who wrote the book on the origin of species?,Charles Darwin,darwin,sciq,short_form,no_thinking,1,1.0,0.93860704,0.05,0.5020980834960938,1,darwin,0.5
sciq_60,"The tissue that will become the scrotum in a male becomes the labia in a female, thus, they are regarded as having what relationship?",Homologous tissues.,homologous,sciq,short_form,no_thinking,1,1.0,0.9457253,0.05,0.5020980834960938,1,homologous,0.5
sciq_61,What does a continuous string of earthquakes indicate about a volcano?,Volcano is about to erupt.,eruption is close,sciq,short_form,no_thinking,0,0.0,0.94985557,0.05,0.5020980834960938,1,eruption is close,0.5
sciq_62,The basic voltaic cell variations are the dry cell and the what?,Wet cell,lead storage battery,sciq,short_form,no_thinking,0,0.0,0.91186714,0.05,0.5020980834960938,1,lead storage battery,0.5
sciq_63,"What process is used for cell growth, repair of cuts and replacement of worn out cells?",Mitosis,cell division,sciq,short_form,no_thinking,0,0.0,0.9408154,0.05,0.5020980834960938,1,cell division,0.5
sciq_64,What is produced by the end of meiosis?,Haploid cells.,four haploid cells,sciq,short_form,no_thinking,0,0.0,0.955807,0.05,0.5020980834960938,1,four haploid cells,0.5
sciq_65,Earth's axis is an imaginary line passing through which poles?,North and South Poles,north and south,sciq,short_form,no_thinking,1,1.0,0.94053894,0.05,0.5020980834960938,1,north and south,0.5
sciq_66,An increase in the number of gas molecules in the same volume container causes what to increase?,Pressure.,pressure,sciq,short_form,no_thinking,1,1.0,0.9576747,0.05,0.5020980834960938,1,pressure,0.5
sciq_67,The bird ancestor that lived in trees developed what feature commonly associated with birds?,Feathers.,wings,sciq,short_form,no_thinking,0,0.0,0.92833954,0.05,0.5020980834960938,1,wings,0.5
sciq_68,"Chitin, also found in the exoskeleton of insects, gives structural strength to the cell walls of fungi. the cell wall protects the cell from what?",osmotic pressure,desiccation and predators,sciq,short_form,no_thinking,0,0.0,0.9069862,0.05,0.5020980834960938,1,desiccation and predators,0.5
sciq_69,What term in biotechnology means a genetically exact copy of an organism?,Clone,clone,sciq,short_form,no_thinking,1,1.0,0.99999994,0.05,0.5020980834960938,1,clone,0.5
sciq_70,"The products of what process are needed for cellular respiration, and vice versa?",Photosynthesis and cellular respiration.,photosynthesis,sciq,short_form,no_thinking,1,1.0,0.9505442,0.05,0.5020980834960938,1,photosynthesis,0.5
sciq_71,What is the term for a series of biochemical reactions by which an organism converts a given reactant to a specific end product?,Metabolic pathway,metabolic pathway,sciq,short_form,no_thinking,1,1.0,1.0,0.05,0.5020980834960938,1,metabolic pathway,0.5
sciq_72,The type of bond that forms between molecules is called what?,Van der Waals bond,hydrogen bond,sciq,short_form,no_thinking,0,0.0,0.92334294,0.05,0.5020980834960938,1,hydrogen bond,0.5
sciq_73,"What system of the body is responsible for transmitting, processing, and responding to most of the sensory information that is created by various stimuli?",Nervous system.,nervous system,sciq,short_form,no_thinking,1,1.0,0.9569044,0.05,0.5020980834960938,1,nervous system,0.5
sciq_74,Channel proteins form what in the membrane?,Transporter proteins.,pores,sciq,short_form,no_thinking,0,0.0,0.9101501,0.05,0.5020980834960938,1,pores,0.5
sciq_75,What is the term for the ability of a fluid to exert an upward force on any object placed in it?,Buoyancy.,buoyancy,sciq,short_form,no_thinking,1,1.0,0.96262157,0.05,0.5020980834960938,1,buoyancy,0.5
sciq_76,Corrosion is usually defined as the degradation of metals due to what?,Chemical reactions.,electrochemical process,sciq,short_form,no_thinking,0,0.0,0.9266665,0.05,0.5020980834960938,1,electrochemical process,0.5
sciq_77,What is the science of classifying living things called?,Biology,taxonomy,sciq,short_form,no_thinking,0,0.0,0.92126083,0.05,0.5020980834960938,1,taxonomy,0.5
sciq_78,The lens and other parts of the eye work together to focus a real image on what eye structure?,Retina.,retina,sciq,short_form,no_thinking,1,1.0,0.96206844,0.05,0.5020980834960938,1,retina,0.5
sciq_79,"Oxygen, carbon dioxide, atp, and nadph are reactants in what process that plants use to produce food?",Photosynthesis,photosynthesis,sciq,short_form,no_thinking,1,1.0,1.0,0.05,0.5020980834960938,1,photosynthesis,0.5
sciq_80,What is the watery fluid that bathes tissues and organs and contains protective white blood cells but does not contain erythrocytes?,Lymph.,lymph,sciq,short_form,no_thinking,1,1.0,0.95685536,0.05,0.5020980834960938,1,lymph,0.5
sciq_81,What is a rock that contains important minerals called?,Ore.,ore,sciq,short_form,no_thinking,1,1.0,0.9594037,0.05,0.5020980834960938,1,ore,0.5
sciq_82,"In physics, when one subtracts the frictional force from the applied force what is the result?",Normal force.,net force,sciq,short_form,no_thinking,0,0.0,0.925073,0.05,0.5020980834960938,1,net force,0.5
sciq_83,"The three units of kpa, atm or mmhg commonly measure what?",Pressure.,pressure,sciq,short_form,no_thinking,1,1.0,0.9576747,0.05,0.5020980834960938,1,pressure,0.5
sciq_84,"Connecting a magnesium rod to an underground steel pipeline protects the pipeline from corrosion. because magnesium (e° = −2.37 v) is much more easily oxidized than iron (e° = −0.45 v), the mg rod acts as the anode in a what?",sacrificial anode,galvanic cell,sciq,short_form,no_thinking,0,0.0,0.90996194,0.05,0.5020980834960938,1,galvanic cell,0.5
sciq_85,Solutions of nonelectrolytes such as ethanol do not contain dissolved ions and cannot conduct what?,Electric current.,electricity,sciq,short_form,no_thinking,0,0.0,0.9410302,0.05,0.5020980834960938,1,electricity,0.5
sciq_86,What is the electron domain geometry of ammonia?,Trigonal pyramidal,tetrahedral,sciq,short_form,no_thinking,0,0.0,0.92535394,0.05,0.5020980834960938,1,tetrahedral,0.5
sciq_87,What are formed when cells from the male and female parts of the plant combine?,Seeds,seeds,sciq,short_form,no_thinking,1,1.0,0.99999994,0.05,0.5020980834960938,1,seeds,0.5
sciq_88,What process done by bacteria makes them important producers in aquatic ecosystems?,Nitrogen fixation.,photosynthesis,sciq,short_form,no_thinking,0,0.0,0.9214335,0.05,0.5020980834960938,1,photosynthesis,0.5
sciq_89,Where is energy stored in a chemical substance?,Bond energy.,between atoms,sciq,short_form,no_thinking,0,0.0,0.9211147,0.05,0.5020980834960938,1,between atoms,0.5
sciq_90,What do we call a carbohydrate formed by two monosaccharides bonding together?,Disaccharide.,disaccharide,sciq,short_form,no_thinking,1,1.0,0.9612482,0.05,0.5020980834960938,1,disaccharide,0.5
sciq_91,What type of eclipse happens when a full moon moves through earth's shadow?,Total lunar eclipse.,lunar,sciq,short_form,no_thinking,1,1.0,0.93211824,0.05,0.5020980834960938,1,lunar,0.5
sciq_92,What is it called when ice changes to liquid water?,Melting.,melting,sciq,short_form,no_thinking,1,1.0,0.96478266,0.05,0.5020980834960938,1,melting,0.5
sciq_93,What term describes the process of vesicles fusing with the plasma membrane and releasing their contents to the outside of the cell?,Exocytosis,exocytosis,sciq,short_form,no_thinking,1,1.0,1.0,0.05,0.5020980834960938,1,exocytosis,0.5
sciq_94,"What system enters the brain stem and influences activity in the cerebellum, spinal cord, and cerebral cortex?",Hypothalamus,vestibular system,sciq,short_form,no_thinking,0,0.0,0.91680133,0.05,0.5020980834960938,1,vestibular system,0.5
sciq_95,"The invention of the wheel is an example of what, which has the goal of solving human problems?",Technological innovation.,technology,sciq,short_form,no_thinking,0,0.0,0.9315017,0.05,0.5020980834960938,1,technology,0.5
sciq_96,"While elements are represented by chemical symbols, chemical formulas represent what?",Compounds.,compounds,sciq,short_form,no_thinking,1,1.0,0.96544224,0.05,0.5020980834960938,1,compounds,0.5
sciq_97,"In a few species, chloroplast genes are inherited only from what?",Mother,sperm,sciq,short_form,no_thinking,0,0.0,0.90673095,0.05,0.5020980834960938,1,sperm,0.5
sciq_98,Where are liverworts most often found?,On rocks and soil.,along stream beds,sciq,short_form,no_thinking,0,0.0,0.92543256,0.05,0.5020980834960938,1,along stream beds,0.5
sciq_99,What are the two terms that designate how well aqueous solutions conduct electricity?,Conductivity and resistivity.,polar and nonpolar,sciq,short_form,no_thinking,0,0.0,0.9265092,0.05,0.5020980834960938,1,polar and nonpolar,0.5
sciq_100,What term is used to describe organic compounds such as sugars and starches?,Carbohydrates.,carbohydrates,sciq,short_form,no_thinking,1,1.0,0.9609001,0.05,0.5020980834960938,1,carbohydrates,0.5
sciq_101,What is the official name for the study of life?,Biology,biology,sciq,short_form,no_thinking,1,1.0,1.0,0.05,0.5020980834960938,1,biology,0.5
sciq_102,Most of the energy used by living things comes either directly or indirectly from where?,Sun.,sun,sciq,short_form,no_thinking,1,1.0,0.94985884,0.05,0.5020980834960938,1,sun,0.5
sciq_103,What happens to water vapor as it rises?,Condenses.,it cools,sciq,short_form,no_thinking,0,0.0,0.9260198,0.05,0.5020980834960938,1,it cools,0.5
sciq_104,What can slow down the increase of viruses in the blood?,Antibodies.,medications,sciq,short_form,no_thinking,0,0.0,0.9155739,0.05,0.5020980834960938,1,medications,0.5
sciq_105,Hydrophilic molecules generally avoid what other kinds of molecules?,Hydrophobic molecules.,hydrophobic,sciq,short_form,no_thinking,1,1.0,0.9517661,0.05,0.5020980834960938,1,hydrophobic,0.5
sciq_106,What do you call a chemical process used to treat water by destroying a contaminant?,Disinfection,chemical remediation,sciq,short_form,no_thinking,0,0.0,0.9225929,0.05,0.5020980834960938,1,chemical remediation,0.5
sciq_107,What disease is the result of unchecked cell division caused by a breakdown of the mechanisms regulating the cell cycle?,Cancer.,cancer,sciq,short_form,no_thinking,1,1.0,0.94190675,0.05,0.5020980834960938,1,cancer,0.5
sciq_108,What type of waves transmit the energy of an earthquake?,Seismic waves.,seismic waves,sciq,short_form,no_thinking,1,1.0,0.9626435,0.05,0.5020980834960938,1,seismic waves,0.5
sciq_109,What form the skeletons of most organic molecules?,Carbon,carbon chains,sciq,short_form,no_thinking,0,0.0,0.9458553,0.05,0.5020980834960938,1,carbon chains,0.5
sciq_110,"In a correctly balanced equation, all coefficients must be what kind of numbers?",Whole numbers.,whole,sciq,short_form,no_thinking,1,1.0,0.93195546,0.05,0.5020980834960938,1,whole,0.5
sciq_111,What type of lens is thicker at the edges than it is in the middle?,Convex lens.,concave lens,sciq,short_form,no_thinking,0,0.0,0.9506932,0.05,0.5020980834960938,1,concave lens,0.5
sciq_112,What kind of weather can you expect if a center of low pressure is moving your way?,Stormy weather.,stormy,sciq,short_form,no_thinking,1,1.0,0.94995785,0.05,0.5020980834960938,1,stormy,0.5
sciq_113,Digestion of proteins begins with acids in what organ?,Stomach,stomach,sciq,short_form,no_thinking,1,1.0,1.0,0.05,0.5020980834960938,1,stomach,0.5
sciq_114,"According to the special theory of relativity, no physical object can equal or exceed the speed of what?",Light.,light,sciq,short_form,no_thinking,1,1.0,0.95814824,0.05,0.5020980834960938,1,light,0.5
sciq_115,What is the resultant waste product of photosynthesis?,Respiratory quotient,oxygen,sciq,short_form,no_thinking,0,0.0,0.9180108,0.05,0.5020980834960938,1,oxygen,0.5
sciq_116,What controls all five senses?,Brain,nervous system,sciq,short_form,no_thinking,0,0.0,0.9299943,0.05,0.5020980834960938,1,nervous system,0.5
sciq_117,The evaporative loss of the most energetic water molecules does what to a surface?,lowers the surface temperature,cools it,sciq,short_form,no_thinking,0,0.0,0.93153167,0.05,0.5020980834960938,1,cools it,0.5
sciq_118,"Yeasts, molds, and mushrooms are all different kinds of what?",Fungi.,fungi,sciq,short_form,no_thinking,1,1.0,0.94804364,0.05,0.5020980834960938,1,fungi,0.5
sciq_119,All organisms can be classified into one of three of this least specific grouping?,Kingdom.,domains,sciq,short_form,no_thinking,0,0.0,0.9099765,0.05,0.5020980834960938,1,domains,0.5
sciq_120,What is the second largest class of elements?,Alkali earth metals,nonmetals,sciq,short_form,no_thinking,0,0.0,0.92510116,0.05,0.5020980834960938,1,nonmetals,0.5
sciq_121,All chemical reactions involve both reactants and what else?,Products,products,sciq,short_form,no_thinking,1,1.0,1.0,0.05,0.5020980834960938,1,products,0.5
sciq_122,What is part of a large fungus that lives underground?,Mycelium.,mushroom,sciq,short_form,no_thinking,0,0.0,0.9316847,0.05,0.5020980834960938,1,mushroom,0.5
sciq_123,Non-human organisms that mainly consume plants/other primary producers are known as what?,Herbivores,herbivores,sciq,short_form,no_thinking,1,1.0,1.0,0.05,0.5020980834960938,1,herbivores,0.5
sciq_124,What symbol is used to indicate directionality in chemical reactions?,Arrow (→),arrow,sciq,short_form,no_thinking,1,1.0,0.94549507,0.05,0.5020980834960938,1,arrow,0.5
sciq_125,What regulates the time of flowering in many species?,Photoperiod.,photoperiodism,sciq,short_form,no_thinking,0,0.0,0.95482206,0.05,0.5020980834960938,1,photoperiodism,0.5
sciq_126,"Asteroids, comets, and planets move around the sun in curved paths called what?",Orbits.,orbits,sciq,short_form,no_thinking,1,1.0,0.9594005,0.05,0.5020980834960938,1,orbits,0.5
sciq_127,"In the body, in which organ does chemical digestion mainly take place?",Small intestine,small intestine,sciq,short_form,no_thinking,1,1.0,1.0,0.05,0.5020980834960938,1,small intestine,0.5
sciq_128,What is the organ system that brings oxygen into the body and releases carbon dioxide?,Respiratory system.,lungs,sciq,short_form,no_thinking,0,0.0,0.932687,0.05,0.5020980834960938,1,lungs,0.5
sciq_129,What are living things that produce food for themselves and other organisms called?,Producers.,producers,sciq,short_form,no_thinking,1,1.0,0.9619539,0.05,0.5020980834960938,1,producers,0.5
sciq_130,The percent yield is determined by calculating the ratio of actual yield by what?,Theoretical yield,theoretical yield,sciq,short_form,no_thinking,1,1.0,1.0,0.05,0.5020980834960938,1,theoretical yield,0.5
sciq_131,What type of cells detect stimuli?,Sensory cells.,sensory nerve cells,sciq,short_form,no_thinking,0,0.0,0.96038264,0.05,0.5020980834960938,1,sensory nerve cells,0.5
sciq_132,"Animals with better fitness have a better chance of passing their genes onto the next generation, this process is known as?",Natural selection.,natural selection,sciq,short_form,no_thinking,1,1.0,0.9660832,0.05,0.5020980834960938,1,natural selection,0.5
sciq_133,What is it called when sound is reflected off an object?,Echo.,echo,sciq,short_form,no_thinking,1,1.0,0.96181166,0.05,0.5020980834960938,1,echo,0.5
sciq_134,"What are the most diverse organisms on earth, which are often classified by shape or how they react to gram stain?",Bacteria,bacteria,sciq,short_form,no_thinking,1,1.0,1.0,0.05,0.5020980834960938,1,bacteria,0.5
sciq_135,The pressure inside a container is dependent on the amount of what inside the container?,Amount of gas,gas,sciq,short_form,no_thinking,1,1.0,0.9435701,0.05,0.5020980834960938,1,gas,0.5
sciq_136,Aspirin and ibuprofen reduce pain by inhibiting the synthesis of what?,Prostaglandins,prostaglandins,sciq,short_form,no_thinking,1,1.0,1.0,0.05,0.5020980834960938,1,prostaglandins,0.5
sciq_137,Humans are among the most versatile of mammals with what type of diet?,Omnivorous.,omnivore,sciq,short_form,no_thinking,0,0.0,0.9447851,0.05,0.5020980834960938,1,omnivore,0.5
sciq_138,Traits controlled by genes on the sex chromosomes are called what?,Sex-linked traits.,sex-linked traits,sciq,short_form,no_thinking,1,1.0,0.97457135,0.05,0.5020980834960938,1,sex-linked traits,0.5
sciq_139,What do you call nutrients that your body needs in fairly large amounts?,Macronutrients.,macronutrients,sciq,short_form,no_thinking,1,1.0,0.9696717,0.05,0.5020980834960938,1,macronutrients,0.5
sciq_140,"What substance, which forms igneous rock, flows out in rivers of lava when it reaches the surface?",Magma,magma,sciq,short_form,no_thinking,1,1.0,1.0,0.05,0.5020980834960938,1,magma,0.5
sciq_141,"In the grand canyon, the same rock layers are visible on opposite sides of the canyon and were deposited simultaneously, which is an example of what?",Cross-cutting relationships.,lateral continuity,sciq,short_form,no_thinking,0,0.0,0.91287035,0.05,0.5020980834960938,1,lateral continuity,0.5
sciq_142,What type of bombs put a much larger fraction of their output into thermal energy than do conventional bombs?,Fusion bombs.,nuclear,sciq,short_form,no_thinking,0,0.0,0.92268115,0.05,0.5020980834960938,1,nuclear,0.5
sciq_143,Each bond includes a sharing of electrons between atoms. two electrons are shared in a single bond; four electrons are shared in a double bond; and six electrons are shared in this?,Triple bond.,triple bond,sciq,short_form,no_thinking,1,1.0,0.9645372,0.05,0.5020980834960938,1,triple bond,0.5
sciq_144,Properties of matter can be considered physical or?,Chemical.,chemical,sciq,short_form,no_thinking,1,1.0,0.9568778,0.05,0.5020980834960938,1,chemical,0.5
sciq_145,The speed of sound depends on what?,Medium.,medium,sciq,short_form,no_thinking,1,1.0,0.97119033,0.05,0.5020980834960938,1,medium,0.5
sciq_146,What is added to a measured portion of a more concentrated stock solution to achieve a particular concentration?,Diluent,solvent,sciq,short_form,no_thinking,0,0.0,0.91860026,0.05,0.5020980834960938,1,solvent,0.5
sciq_147,What is the cure of cancer known as?,Chemotherapy,remission,sciq,short_form,no_thinking,0,0.0,0.92152905,0.05,0.5020980834960938,1,remission,0.5
sciq_148,What is the side to side movement of the mandible called?,Lateral movement.,excursion,sciq,short_form,no_thinking,0,0.0,0.9104004,0.05,0.5020980834960938,1,excursion,0.5
sciq_149,What is the term for materials that have both a defined shape and a defined volume?,Solids.,solids,sciq,short_form,no_thinking,1,1.0,0.9622305,0.05,0.5020980834960938,1,solids,0.5
sciq_150,Reactants may also be present in such low concentrations that it is unlikely they will meet and do what?,Reactants may also be present in such low concentrations that it is unlikely they will meet and **react**.,collide,sciq,short_form,no_thinking,0,0.0,0.9051297,0.05,0.5020980834960938,1,collide,0.5
sciq_151,What do we call the visible part of the electromagnetic spectrum?,Visible spectrum,light,sciq,short_form,no_thinking,0,0.0,0.9227634,0.05,0.5020980834960938,1,light,0.5
sciq_152,"Practitioners of what thought all matter was composed of different proportions of four basic elements, and that if you changed the proportions of these elements, you could change the substance itself?",Aristotle,alchemy,sciq,short_form,no_thinking,0,0.0,0.9063798,0.05,0.5020980834960938,1,alchemy,0.5
sciq_153,What blood-carrying structures contain one-way valves that contribute to the return of blood to the heart?,Veins,veins,sciq,short_form,no_thinking,1,1.0,1.0,0.05,0.5020980834960938,1,veins,0.5
sciq_154,Animals breath in air in order to obtain what element?,Oxygen.,oxygen,sciq,short_form,no_thinking,1,1.0,0.95774657,0.05,0.5020980834960938,1,oxygen,0.5
sciq_155,A ramp is a type of simple machine called what?,Inclined plane.,inclined plane,sciq,short_form,no_thinking,1,1.0,0.96967345,0.05,0.5020980834960938,1,inclined plane,0.5
sciq_156,What part of the male reproductive system is involved with the most common disorders?,Genitals,the testes,sciq,short_form,no_thinking,0,0.0,0.92626697,0.05,0.5020980834960938,1,the testes,0.5
sciq_157,What is the term for the force that a magnet exerts on certain materials?,Magnetic force,magnetic force,sciq,short_form,no_thinking,1,1.0,1.0,0.05,0.5020980834960938,1,magnetic force,0.5
sciq_158,Where does most of the earth's energy come from?,Solar energy.,sun,sciq,short_form,no_thinking,0,0.0,0.9311706,0.05,0.5020980834960938,1,sun,0.5
sciq_159,"During a human pregnancy, which trimester exhibits the greatest growth of the fetus and culminates in labor and delivery?",Third trimester.,third trimester,sciq,short_form,no_thinking,1,1.0,0.9654946,0.05,0.5020980834960938,1,third trimester,0.5
sciq_160,Plants go through seasonal changes after detecting differences in what?,Light.,day length,sciq,short_form,no_thinking,0,0.0,0.90947205,0.05,0.5020980834960938,1,day length,0.5
sciq_161,The bony socket that houses the eyeball and associated muscles is called?,Orbit.,orbit,sciq,short_form,no_thinking,1,1.0,0.95719564,0.05,0.5020980834960938,1,orbit,0.5
sciq_162,What is an adaptation?,A trait that helps an organism survive.,favorable trait,sciq,short_form,no_thinking,0,0.0,0.9306567,0.05,0.5020980834960938,1,favorable trait,0.5
sciq_163,How many calories of energy does one gram of protein provide?,4 calories,4,sciq,short_form,no_thinking,1,1.0,0.933221,0.05,0.5020980834960938,1,4,0.5
sciq_164,What allows some things to enter the cell while keeping other things out?,Cell membrane,cell membrane,sciq,short_form,no_thinking,1,1.0,1.0,0.05,0.5020980834960938,1,cell membrane,0.5
sciq_165,Evaporation of moisture is greatest where it is?,Highest temperature.,hot and sunny,sciq,short_form,no_thinking,0,0.0,0.9281277,0.05,0.5020980834960938,1,hot and sunny,0.5
sciq_166,"In an ecosystem, what do you call organisms like lions that capture and kill other animals for food?",Predators.,predators,sciq,short_form,no_thinking,1,1.0,0.96252453,0.05,0.5020980834960938,1,predators,0.5
sciq_167,"Without particles, water vapor could not do what?",Condense.,condense,sciq,short_form,no_thinking,1,1.0,0.96676093,0.05,0.5020980834960938,1,condense,0.5
sciq_168,What is the transition from solid to vapor is called?,Sublimation.,sublimation,sciq,short_form,no_thinking,1,1.0,0.96672654,0.05,0.5020980834960938,1,sublimation,0.5
sciq_169,"In phyisics, what is considered to be the rotational version of force?",Torque.,torque,sciq,short_form,no_thinking,1,1.0,0.96220374,0.05,0.5020980834960938,1,torque,0.5
sciq_170,Malonate plays what negative role on the enzyme succinate dehydrogenase?,Competitive inhibitor,inhibitor,sciq,short_form,no_thinking,1,1.0,0.94545084,0.05,0.5020980834960938,1,inhibitor,0.5
sciq_171,The medium moves back and forth in the same direction as the wave in what type of wave?,Transverse wave.,longitudinal wave,sciq,short_form,no_thinking,0,0.0,0.936024,0.05,0.5020980834960938,1,longitudinal wave,0.5
sciq_172,"Control of the body can be somatic or autonomic, offering one way to divide what organ system by function?",Nervous system.,nervous system,sciq,short_form,no_thinking,1,1.0,0.9569044,0.05,0.5020980834960938,1,nervous system,0.5
sciq_173,What is the star nearest the earth named?,Proxima Centauri,proxima centauri,sciq,short_form,no_thinking,1,1.0,1.0,0.05,0.5020980834960938,1,proxima centauri,0.5
sciq_174,"On a global scale, plants and other photosynthetic organisms have generated all of what element in the air?",Oxygen.,oxygen,sciq,short_form,no_thinking,1,1.0,0.95774657,0.05,0.5020980834960938,1,oxygen,0.5
sciq_175,What branch of science is concerned with matter and the changes that it can undergo?,Chemistry,chemistry,sciq,short_form,no_thinking,1,1.0,1.0,0.05,0.5020980834960938,1,chemistry,0.5
sciq_176,What is the blood in the body pumped with?,Oxygen.,heart,sciq,short_form,no_thinking,0,0.0,0.91417545,0.05,0.5020980834960938,1,heart,0.5
sciq_177,"Bones, cartilage, and what other thing make up the skeletal system?",Connective tissue.,ligaments,sciq,short_form,no_thinking,0,0.0,0.923892,0.05,0.5020980834960938,1,ligaments,0.5
sciq_178,What happens to light when it passed from air to water?,Refraction.,it bends,sciq,short_form,no_thinking,0,0.0,0.9171143,0.05,0.5020980834960938,1,it bends,0.5
sciq_179,What is written as systolic over diastolic?,Blood pressure.,blood pressure,sciq,short_form,no_thinking,1,1.0,0.9502403,0.05,0.5020980834960938,1,blood pressure,0.5
sciq_180,Type 1 diabetes and gigantism are examples of what type of disorder?,Genetic disorders.,endocrine diseases,sciq,short_form,no_thinking,0,0.0,0.92203146,0.05,0.5020980834960938,1,endocrine diseases,0.5
sciq_181,What kind of rock layer makes up the bottom of an aquifer?,Unconformable layer,impermeable,sciq,short_form,no_thinking,0,0.0,0.91940993,0.05,0.5020980834960938,1,impermeable,0.5
sciq_182,Where do mushrooms get their energy?,Decomposition.,decomposing dead organisms,sciq,short_form,no_thinking,0,0.0,0.9422348,0.05,0.5020980834960938,1,decomposing dead organisms,0.5
sciq_183,What rock group offers the richest source of fossils?,The National Museum of Natural History.,sedimentary,sciq,short_form,no_thinking,0,0.0,0.9074432,0.05,0.5020980834960938,1,sedimentary,0.5
sciq_184,"What occurs not only as organisms grow, but as they reproduce.",Cell division,cell division,sciq,short_form,no_thinking,1,1.0,1.0,0.05,0.5020980834960938,1,cell division,0.5
sciq_185,The muscular layer is much thicker in which ventricle of the heart?,Left ventricle,left,sciq,short_form,no_thinking,1,1.0,0.92250496,0.05,0.5020980834960938,1,left,0.5
sciq_186,Electricity consists of a constant stream of what tiny particles?,Electrons,electrons,sciq,short_form,no_thinking,1,1.0,1.0,0.05,0.5020980834960938,1,electrons,0.5
sciq_187,What separates one river system's basin from another river system's basin?,Divide line.,a divide,sciq,short_form,no_thinking,1,1.0,0.9365901,0.05,0.5020980834960938,1,a divide,0.5
sciq_188,"Illustrating how form follows function, long, slender protein strands that make up what tissue are essential for contracting and relaxing?",Muscle tissue.,muscle,sciq,short_form,no_thinking,1,1.0,0.9458755,0.05,0.5020980834960938,1,muscle,0.5
sciq_189,What is another word for cellular drinking?,Hydration.,pinocytosis,sciq,short_form,no_thinking,0,0.0,0.90874094,0.05,0.5020980834960938,1,pinocytosis,0.5
sciq_190,What is the term for the force that brings objects toward the earth?,Gravity,gravity,sciq,short_form,no_thinking,1,1.0,1.0,0.05,0.5020980834960938,1,gravity,0.5
sciq_191,"Upon death of an organism, during composition, what returns to the soil as ammonium ions?",Decomposition bacteria.,nitrogen,sciq,short_form,no_thinking,0,0.0,0.91211617,0.05,0.5020980834960938,1,nitrogen,0.5
sciq_192,Gabbro is a dark dense rock that can be found in what?,Magma chamber,oceanic crust,sciq,short_form,no_thinking,0,0.0,0.9102176,0.05,0.5020980834960938,1,oceanic crust,0.5
sciq_193,What does jupiter reflect a lot of due to its size?,Clouds,sunlight,sciq,short_form,no_thinking,0,0.0,0.9196814,0.05,0.5020980834960938,1,sunlight,0.5
sciq_194,What are the most successful phylum of plants?,Angiosperms.,angiosperms,sciq,short_form,no_thinking,1,1.0,0.96303874,0.05,0.5020980834960938,1,angiosperms,0.5
sciq_195,What is the middle layer of connective tissue called?,Deep fascia,perimysium,sciq,short_form,no_thinking,0,0.0,0.9065604,0.05,0.5020980834960938,1,perimysium,0.5
sciq_196,The three-dimensional spaces with specific shapes that are components of electrons shells are known as what?,Orbital.,orbitals,sciq,short_form,no_thinking,0,0.0,0.9462286,0.05,0.5020980834960938,1,orbitals,0.5
sciq_197,"What instrument is used to make very sensitive mass measurements in a laboratory, usually in grams?",Mass spectrometer,analytical balance,sciq,short_form,no_thinking,0,0.0,0.9192849,0.05,0.5020980834960938,1,analytical balance,0.5
sciq_198,Dynamite is an example of what type of potential energy?,Chemical potential energy.,chemical,sciq,short_form,no_thinking,1,1.0,0.92982024,0.05,0.5020980834960938,1,chemical,0.5
sciq_199,What does the inside of all cells also contain?,Nucleus,cytosol,sciq,short_form,no_thinking,0,0.0,0.9166252,0.05,0.5020980834960938,1,cytosol,0.5
sciq_200,Toxins and poisons are ______ enzyme inhibitos,Competitive inhibitors.,irreversible,sciq,short_form,no_thinking,0,0.0,0.9059174,0.05,0.5020980834960938,1,irreversible,0.5
sciq_201,What system provides a major route for heat flow between the interior and exterior of the body?,Circulatory system.,the circulatory system,sciq,short_form,no_thinking,1,1.0,0.9614548,0.05,0.5020980834960938,1,the circulatory system,0.5
sciq_202,"Vultures, raccoons and blowflies are examples of what?",Scavengers.,scavengers,sciq,short_form,no_thinking,1,1.0,0.96805197,0.05,0.5020980834960938,1,scavengers,0.5
sciq_203,What is the process by which organisms give rise to offspring?,Reproduction,reproduction,sciq,short_form,no_thinking,1,1.0,1.0,0.05,0.5020980834960938,1,reproduction,0.5
sciq_204,The name of a simple covalent compound can be determined from its chemical this?,Formula,formula,sciq,short_form,no_thinking,1,1.0,1.0,0.05,0.5020980834960938,1,formula,0.5
sciq_205,What are classified by climatic factors and types of primary producers?,Biomes,terrestrial biomes,sciq,short_form,no_thinking,0,0.0,0.9509405,0.05,0.5020980834960938,1,terrestrial biomes,0.5
sciq_206,"Specific antigens on the surface of red blood cells determine what, which is important in cases of transfusion?",Blood type,blood type,sciq,short_form,no_thinking,1,1.0,1.0,0.05,0.5020980834960938,1,blood type,0.5
sciq_207,What living species of bird is considered the  largest of the raptors?,Andean condor,golden eagles,sciq,short_form,no_thinking,0,0.0,0.9005528,0.05,0.5020980834960938,1,golden eagles,0.5
sciq_208,What do methanogens act as in sewage treatment plants?,Microbial fuel cells.,as decomposers,sciq,short_form,no_thinking,0,0.0,0.9088209,0.05,0.5020980834960938,1,as decomposers,0.5
sciq_209,"A rock that contains important minerals is called what, a term associated with mining?",Ore.,ore,sciq,short_form,no_thinking,1,1.0,0.9594037,0.05,0.5020980834960938,1,ore,0.5
sciq_210,"In the case of the moose, predation is an additional factor that regulates what?",Population dynamics,population,sciq,short_form,no_thinking,1,1.0,0.9294552,0.05,0.5020980834960938,1,population,0.5
sciq_211,"Traditionally, what preventative measure used weakened or inactive forms of microorganisms or viruses to stimulate the immune system?",Vaccination,vaccine,sciq,short_form,no_thinking,0,0.0,0.93622583,0.05,0.5020980834960938,1,vaccine,0.5
sciq_212,Why is closed reduction simpler than open reduction in bone repair?,Closed reduction is simpler because it avoids surgery.,no surgery needed,sciq,short_form,no_thinking,0,0.0,0.932456,0.05,0.5020980834960938,1,no surgery needed,0.5
sciq_213,Lenses that focus light are called what?,Convex lenses.,converging lenses,sciq,short_form,no_thinking,0,0.0,0.9449047,0.05,0.5020980834960938,1,converging lenses,0.5
sciq_214,Bursitis is the inflammation of a bursa near what?,Joint,joint,sciq,short_form,no_thinking,1,1.0,0.99999994,0.05,0.5020980834960938,1,joint,0.5
sciq_215,What is the most important function of enzymes in animals?,Catalyzing biochemical reactions.,help digest food,sciq,short_form,no_thinking,0,0.0,0.90676415,0.05,0.5020980834960938,1,help digest food,0.5
sciq_216,"Habitat loss caused by human actions is a prime culprit in what phenomenon, which appears to be occurring for a sixth time?",Amphibian decline,mass extinction,sciq,short_form,no_thinking,0,0.0,0.91619897,0.05,0.5020980834960938,1,mass extinction,0.5
sciq_217,A high metabolic rate and hair are ways mammals generate and conserve what?,Body heat.,heat,sciq,short_form,no_thinking,1,1.0,0.94846874,0.05,0.5020980834960938,1,heat,0.5
sciq_218,What compounds form crystals instead of molecules?,Ionic compounds.,ionic compounds,sciq,short_form,no_thinking,1,1.0,0.9677251,0.05,0.5020980834960938,1,ionic compounds,0.5
sciq_219,"Radiation, chemicals, and infectious agents are examples of what?",Environmental hazards.,mutagens,sciq,short_form,no_thinking,0,0.0,0.9211912,0.05,0.5020980834960938,1,mutagens,0.5
sciq_220,"Arthropods today have two unusual hox genes, both of which influence what?",Development of body segments.,segmentation,sciq,short_form,no_thinking,0,0.0,0.9237123,0.05,0.5020980834960938,1,segmentation,0.5
sciq_221,"Ants, termites, bees, and wasps live in what type of social structure that may include millions of individual insects?",Insect colony,colony,sciq,short_form,no_thinking,1,1.0,0.94290316,0.05,0.5020980834960938,1,colony,0.5
sciq_222,What opens two strands of dna?,Helicase.,helicase,sciq,short_form,no_thinking,1,1.0,0.9663229,0.05,0.5020980834960938,1,helicase,0.5
sciq_223,"Many species of rotifers exhibit haplodiploidy, which is a method of what?",Reproduction.,gender determination,sciq,short_form,no_thinking,0,0.0,0.9131981,0.05,0.5020980834960938,1,gender determination,0.5
sciq_224,"In humans, fertilization occurs soon after the oocyte leaves this?",Ovary,ovary,sciq,short_form,no_thinking,1,1.0,0.99999994,0.05,0.5020980834960938,1,ovary,0.5
sciq_225,How often should women perform a breast self-exam?,Every month.,monthly,sciq,short_form,no_thinking,0,0.0,0.9482951,0.05,0.5020980834960938,1,monthly,0.5
sciq_226,The nucleus from a differentiated frog cell can direct development of what?,Embryonic development.,tadpole,sciq,short_form,no_thinking,0,0.0,0.9202545,0.05,0.5020980834960938,1,tadpole,0.5
sciq_227,On what day of the cycle does ovulation usually occur?,Ovulation usually occurs around day 14 of the menstrual cycle.,14th,sciq,short_form,no_thinking,0,0.0,0.91744655,0.05,0.5020980834960938,1,14th,0.5
sciq_228,"The five human senses are taste, touch, vision, hearing and one more. what is it?",Smell.,smell,sciq,short_form,no_thinking,1,1.0,0.9591816,0.05,0.5020980834960938,1,smell,0.5
sciq_229,"Groups of three bases form codons, and each codon stands for one what?",Amino acid.,amino acid,sciq,short_form,no_thinking,1,1.0,0.95902413,0.05,0.5020980834960938,1,amino acid,0.5
sciq_230,What chemical signals in plants control different processes?,Plant hormones.,plant hormones,sciq,short_form,no_thinking,1,1.0,0.96217006,0.05,0.5020980834960938,1,plant hormones,0.5
sciq_231,"Small nonprotein, water-soluble molecules or ions called second messengers often play a role in what kind of pathways?",Signal transduction pathways.,signaling,sciq,short_form,no_thinking,0,0.0,0.9409757,0.05,0.5020980834960938,1,signaling,0.5
sciq_232,"In a solution, what is the substance present in the lesser amount called?",Solute,solute,sciq,short_form,no_thinking,1,1.0,1.0,0.05,0.5020980834960938,1,solute,0.5
sciq_233,What geologic era is also known as the age of mammals?,Cenozoic Era,cenozoic era,sciq,short_form,no_thinking,1,1.0,1.0,0.05,0.5020980834960938,1,cenozoic era,0.5
sciq_234,Railroad tracks and roadways can buckle on hot days if they lack sufficient what?,Expansion allowance,expansion joints,sciq,short_form,no_thinking,0,0.0,0.9221992,0.05,0.5020980834960938,1,expansion joints,0.5
sciq_235,"Pure carbon can exist in different forms, depending on how its atoms are arranged. the forms include diamond, graphite, and what else?",Fullerenes,fullerenes,sciq,short_form,no_thinking,1,1.0,1.0,0.05,0.5020980834960938,1,fullerenes,0.5
sciq_236,What do voltmeters measure across a resistor?,Voltage.,the voltage drop,sciq,short_form,no_thinking,0,0.0,0.9400191,0.05,0.5020980834960938,1,the voltage drop,0.5
sciq_237,What is one thing that cell membranes are permeable to?,Gases,specific ions,sciq,short_form,no_thinking,0,0.0,0.9165301,0.05,0.5020980834960938,1,specific ions,0.5
sciq_238,What color is phosphate mineral turquoise?,Turquoise.,blue,sciq,short_form,no_thinking,0,0.0,0.9265235,0.05,0.5020980834960938,1,blue,0.5
sciq_239,What do most living things use to make atp from glucose?,Cellular respiration.,oxygen,sciq,short_form,no_thinking,0,0.0,0.9233235,0.05,0.5020980834960938,1,oxygen,0.5
sciq_240,The main shaft of the penis is covered by relatively thick what?,Foreskin.,skin,sciq,short_form,no_thinking,1,1.0,0.92117035,0.05,0.5020980834960938,1,skin,0.5
sciq_241,"When a nerve impulse reaches the end of an axon, what are the chemicals released by the axon called?",Neurotransmitters.,neurotransmitters,sciq,short_form,no_thinking,1,1.0,0.9698548,0.05,0.5020980834960938,1,neurotransmitters,0.5
sciq_242,"What is made of molecules of many different gases, and is something we usually can’t see, taste, or smell; we can only feel it when it moves?",Air,air,sciq,short_form,no_thinking,1,1.0,1.0,0.05,0.5020980834960938,1,air,0.5
sciq_243,"Bees, wasps, ants, butterflies, moths, flies and beetles belong to what animal phylum?",Arthropoda,arthropods,sciq,short_form,no_thinking,0,0.0,0.9481408,0.05,0.5020980834960938,1,arthropods,0.5
sciq_244,The ileum is the last part of what digestive system organ?,Small intestine,small intestine,sciq,short_form,no_thinking,1,1.0,1.0,0.05,0.5020980834960938,1,small intestine,0.5
sciq_245,What is the phenotypic range of a particular genotype called?,Phenotypic range,norm of reaction,sciq,short_form,no_thinking,0,0.0,0.9205443,0.05,0.5020980834960938,1,norm of reaction,0.5
sciq_246,"Ice cores, varves and what else indicate the environmental conditions at the time of their creation?",Paleoclimate proxies,tree rings,sciq,short_form,no_thinking,0,0.0,0.90626764,0.05,0.5020980834960938,1,tree rings,0.5
sciq_247,On how many of the continents do birds live and breed?,All continents.,seven,sciq,short_form,no_thinking,0,0.0,0.91122013,0.05,0.5020980834960938,1,seven,0.5
sciq_248,Paracrine signals move by what method through the extracellular matrix?,Diffusion.,diffusion,sciq,short_form,no_thinking,1,1.0,0.9641961,0.05,0.5020980834960938,1,diffusion,0.5
sciq_249,What structures located on chromosomes control characteristics of life and are passed from parents to offspring?,Genes.,genes,sciq,short_form,no_thinking,1,1.0,0.9504117,0.05,0.5020980834960938,1,genes,0.5
sciq_250,The temperature at which a substance melts is called its what point?,Melting point.,melting,sciq,short_form,no_thinking,1,1.0,0.947564,0.05,0.5020980834960938,1,melting,0.5
sciq_251,The interaction between atomic orbitals is greatest when they have the same what?,Energy.,energy,sciq,short_form,no_thinking,1,1.0,0.9503563,0.05,0.5020980834960938,1,energy,0.5
sciq_252,What kind of a disorder is tay-sachs disease?,Neurodegenerative disorder,inherited disorder,sciq,short_form,no_thinking,0,0.0,0.9242254,0.05,0.5020980834960938,1,inherited disorder,0.5
sciq_253,"If the water vapor condenses in liquid droplets as clouds form, what is released in the atmosphere?",Heat energy,heat,sciq,short_form,no_thinking,1,1.0,0.9443462,0.05,0.5020980834960938,1,heat,0.5
sciq_254,What cells are the basis of nervous tissue?,Neurons.,neurons,sciq,short_form,no_thinking,1,1.0,0.9530784,0.05,0.5020980834960938,1,neurons,0.5
sciq_255,Angiosperm seed develops inside of what?,Ovule.,an ovary,sciq,short_form,no_thinking,0,0.0,0.93824774,0.05,0.5020980834960938,1,an ovary,0.5
sciq_256,What forms when one substances dissolves in another?,Solution.,a solution,sciq,short_form,no_thinking,1,1.0,0.95679706,0.05,0.5020980834960938,1,a solution,0.5
sciq_257,"Exemplified by organisms that grow in geysers, hyperthermophiles ""love"" what?",Heat,heat,sciq,short_form,no_thinking,1,1.0,1.0,0.05,0.5020980834960938,1,heat,0.5
sciq_258,What is the most important source of electromagnetic waves on earth?,Sun.,the sun,sciq,short_form,no_thinking,1,1.0,0.9191481,0.05,0.5020980834960938,1,the sun,0.5
sciq_259,What happens to the pressure when more gas is added to a rigid container?,Pressure increases.,increases,sciq,short_form,no_thinking,1,1.0,0.93371195,0.05,0.5020980834960938,1,increases,0.5
sciq_260,What is the name of the first stage of photosynthesis?,Light-dependent reactions,light reactions,sciq,short_form,no_thinking,0,0.0,0.9578582,0.05,0.5020980834960938,1,light reactions,0.5
sciq_261,Proto-oncogenes can change into oncogenes that cause what?,Cancer.,cancer,sciq,short_form,no_thinking,1,1.0,0.94190675,0.05,0.5020980834960938,1,cancer,0.5
sciq_262,The rocks athe mid-ocean ridge are nearly free of what?,Metamorphic minerals.,sediment,sciq,short_form,no_thinking,0,0.0,0.9102306,0.05,0.5020980834960938,1,sediment,0.5
sciq_263,Why do snakes have venomous bites?,Evolutionary adaptation for hunting and defense.,to kill prey,sciq,short_form,no_thinking,0,0.0,0.92389,0.05,0.5020980834960938,1,to kill prey,0.5
sciq_264,Acidic hydrogen atoms are those which will be transferred to what?,Base.,a base,sciq,short_form,no_thinking,1,1.0,0.9589191,0.05,0.5020980834960938,1,a base,0.5
sciq_265,"The cultivated forms of wheat, cotton, and tobacco plants are all what?","Cultivated forms of wheat, cotton, and tobacco plants are all **domesticated species**.",allopolyploids,sciq,short_form,no_thinking,0,0.0,0.91459537,0.05,0.5020980834960938,1,allopolyploids,0.5
sciq_266,"Unipolar, bipolar, multipolar, and pseudounipolar are the four basic types of what?",Neurons.,neurons,sciq,short_form,no_thinking,1,1.0,0.9530784,0.05,0.5020980834960938,1,neurons,0.5
sciq_267,What kind of a process is corrosion?,Chemical process.,galvanic,sciq,short_form,no_thinking,0,0.0,0.9176239,0.05,0.5020980834960938,1,galvanic,0.5
sciq_268,What are the smallest particles of matter?,Atoms.,atoms,sciq,short_form,no_thinking,1,1.0,0.95537883,0.05,0.5020980834960938,1,atoms,0.5
sciq_269,How frequently do high tides occur?,Every 12 hours and 25 minutes.,every 12 hours,sciq,short_form,no_thinking,1,1.0,0.9514973,0.05,0.5020980834960938,1,every 12 hours,0.5
sciq_270,"If the dna from all 46 chromosomes in a human cell nucleus was laid out end to end, it would measure approximately how long?",2 meters,two meters,sciq,short_form,no_thinking,0,0.0,0.9795308,0.05,0.5020980834960938,1,two meters,0.5
sciq_271,"Matrix is the term for the fluid-filled interior of what structure, where most of the cell’s atp is made?",Mitochondrion,mitochondria,sciq,short_form,no_thinking,0,0.0,0.9522921,0.05,0.5020980834960938,1,mitochondria,0.5
sciq_272,"Penis, testes, and epididymis are organs in what system?",Reproductive system.,male reproductive system,sciq,short_form,no_thinking,0,0.0,0.9437315,0.05,0.5020980834960938,1,male reproductive system,0.5
sciq_273,What protects the pollen of seed plants and spores of seedless plants?,Pollination.,sporopollenin,sciq,short_form,no_thinking,0,0.0,0.9106974,0.05,0.5020980834960938,1,sporopollenin,0.5
sciq_274,What makes up the dense outer layer of bones?,Osteoblasts,compact bone,sciq,short_form,no_thinking,0,0.0,0.91827303,0.05,0.5020980834960938,1,compact bone,0.5
sciq_275,What unit of measurement is defined to be the number of atoms in 12g of carbon-12?,Mole,one mole,sciq,short_form,no_thinking,0,0.0,0.94238627,0.05,0.5020980834960938,1,one mole,0.5
sciq_276,What is the most direct way of recovering a metal from its ores?,Smelting.,electrolysis,sciq,short_form,no_thinking,0,0.0,0.91171074,0.05,0.5020980834960938,1,electrolysis,0.5
sciq_277,The glass hydrometer is filled with air and weighted with lead at the bottom. it floats highest in the densest fluids and has been calibrated and labeled so that you can read this from it?,Specific gravity.,specific gravity,sciq,short_form,no_thinking,1,1.0,0.9769466,0.05,0.5020980834960938,1,specific gravity,0.5
sciq_278,How do prokaryotic cells divide?,Binary fission.,binary fission,sciq,short_form,no_thinking,1,1.0,0.970318,0.05,0.5020980834960938,1,binary fission,0.5
sciq_279,Where do angiosperms form seeds?,Ovary.,ovaries,sciq,short_form,no_thinking,0,0.0,0.94484574,0.05,0.5020980834960938,1,ovaries,0.5
sciq_280,A dilute solution is one that has a relatively small amount of what?,Solute.,dissolved solute,sciq,short_form,no_thinking,0,0.0,0.9440833,0.05,0.5020980834960938,1,dissolved solute,0.5
sciq_281,Where does a crossover occur on a chromosome?,Chromatid.,at different locations,sciq,short_form,no_thinking,0,0.0,0.91274965,0.05,0.5020980834960938,1,at different locations,0.5
sciq_282,"The components of a mixture keep their own identity when they combine, so they retain what type of properties, such as boiling point and ability to dissolve?",Properties,physical,sciq,short_form,no_thinking,0,0.0,0.91272646,0.05,0.5020980834960938,1,physical,0.5
sciq_283,"The leaves of what plant genus are the source of the compound ephedrine, which is used in medicine as a potent decongestant and is similar to amphetamines?",Ma Huang,ephedra,sciq,short_form,no_thinking,0,0.0,0.8939296,0.05,0.5020980834960938,1,ephedra,0.5
sciq_284,"When the earth is between the moon and the sun, what type of moon shows?",Blood moon.,a full moon,sciq,short_form,no_thinking,0,0.0,0.93344814,0.05,0.5020980834960938,1,a full moon,0.5
sciq_285,What causes the wheels of the car to turn?,Engine power.,turning driveshaft,sciq,short_form,no_thinking,0,0.0,0.9145259,0.05,0.5020980834960938,1,turning driveshaft,0.5
sciq_286,What type of matter makes up most of the universe?,Dark matter,plasma,sciq,short_form,no_thinking,0,0.0,0.91706973,0.05,0.5020980834960938,1,plasma,0.5
sciq_287,The simplest organic compounds are known as what?,Hydrocarbons.,hydrocarbons,sciq,short_form,no_thinking,1,1.0,0.9577077,0.05,0.5020980834960938,1,hydrocarbons,0.5
sciq_288,A vapor light produces visible light by what process?,Electroluminescence.,electroluminescence,sciq,short_form,no_thinking,1,1.0,0.96811134,0.05,0.5020980834960938,1,electroluminescence,0.5
sciq_289,How did the first seed plants form seeds?,Fertilization.,in cones,sciq,short_form,no_thinking,0,0.0,0.9168259,0.05,0.5020980834960938,1,in cones,0.5
sciq_290,Quarks are very tiny particles of matter that make up what?,Protons and neutrons.,protons and neutrons,sciq,short_form,no_thinking,1,1.0,0.9756978,0.05,0.5020980834960938,1,protons and neutrons,0.5
sciq_291,"When your brain senses that your body temperature is increasing, it sends messages to the blood vessels in the skin to increase in what?",Dilation,diameter,sciq,short_form,no_thinking,0,0.0,0.913318,0.05,0.5020980834960938,1,diameter,0.5
sciq_292,"Twenty-four hours before fertilization, the egg has finished meiosis and becomes a mature what?",Mature oocyte.,oocyte,sciq,short_form,no_thinking,1,1.0,0.9460851,0.05,0.5020980834960938,1,oocyte,0.5
sciq_293,What is equal to the angular acceleration multiplied by the radius of the rotating object?,Tangential acceleration.,linear acceleration,sciq,short_form,no_thinking,0,0.0,0.94159347,0.05,0.5020980834960938,1,linear acceleration,0.5
sciq_294,"In both eukaryotes and prokaryotes, ribosomes are the non-membrane bound organelles where what main product of the cell is made?",Proteins.,proteins,sciq,short_form,no_thinking,1,1.0,0.94866097,0.05,0.5020980834960938,1,proteins,0.5
sciq_295,The behavior of ideal gases is explained by what theory of gases?,Kinetic Theory of Gases,kinetic molecular theory,sciq,short_form,no_thinking,0,0.0,0.95931876,0.05,0.5020980834960938,1,kinetic molecular theory,0.5
sciq_296,About how tall can mid-ocean ridges be?,Mountains.,about 2 km,sciq,short_form,no_thinking,0,0.0,0.91970396,0.05,0.5020980834960938,1,about 2 km,0.5
sciq_297,"In the microbiology lab, what technique refers to the procedures that are carried out under sterile conditions?",Aseptic technique.,aseptic,sciq,short_form,no_thinking,1,1.0,0.94689614,0.05,0.5020980834960938,1,aseptic,0.5
sciq_298,Biological features from a common evolutionary origin are known as what?,Homologies.,homologous,sciq,short_form,no_thinking,0,0.0,0.94349176,0.05,0.5020980834960938,1,homologous,0.5
sciq_299,What type of map reveals the shape of a landscape?,Topographic map.,topographic,sciq,short_form,no_thinking,1,1.0,0.95020753,0.05,0.5020980834960938,1,topographic,0.5
sciq_300,What is the term for the total kinetic energy of moving particles of matter?,Heat capacity,thermal energy,sciq,short_form,no_thinking,0,0.0,0.9300589,0.05,0.5020980834960938,1,thermal energy,0.5
sciq_301,What type of mechanical weathering occurs when one rock bumps against another rock?,Physical weathering,abrasion,sciq,short_form,no_thinking,0,0.0,0.9189223,0.05,0.5020980834960938,1,abrasion,0.5
sciq_302,What is the most important source of electromagnetic radiation on earth?,Sun.,the sun,sciq,short_form,no_thinking,1,1.0,0.9191481,0.05,0.5020980834960938,1,the sun,0.5
sciq_303,Mollusks have a true coelom and a complete what?,Digestive system,digestive system,sciq,short_form,no_thinking,1,1.0,1.0,0.05,0.5020980834960938,1,digestive system,0.5
sciq_304,The hydrogen is oxidized because it undergoes a partial loss of what?,Electrons,electrons,sciq,short_form,no_thinking,1,1.0,1.0,0.05,0.5020980834960938,1,electrons,0.5
sciq_305,What type of molecules help the plasma membrane keep its shape?,Phospholipids,cholesterol,sciq,short_form,no_thinking,0,0.0,0.9262309,0.05,0.5020980834960938,1,cholesterol,0.5
sciq_306,What type of chemical reactions release energy?,Exothermic reactions.,exothermic reactions,sciq,short_form,no_thinking,1,1.0,0.97903436,0.05,0.5020980834960938,1,exothermic reactions,0.5
sciq_307,Telomerase is typically active in germ cells and adult what?,tissues,stem cells,sciq,short_form,no_thinking,0,0.0,0.9191458,0.05,0.5020980834960938,1,stem cells,0.5
sciq_308,What system consists of organs that break down food and absorb nutrients such as glucose?,Digestive system.,digestive system,sciq,short_form,no_thinking,1,1.0,0.9589523,0.05,0.5020980834960938,1,digestive system,0.5
sciq_309,A food web can be broken up into what further subdivision that usually has a few links in it?,Food chain.,food chain,sciq,short_form,no_thinking,1,1.0,0.96429986,0.05,0.5020980834960938,1,food chain,0.5
sciq_310,What do you call a quantity of motion that has both size as well as direction?,Velocity,vector,sciq,short_form,no_thinking,0,0.0,0.9229765,0.05,0.5020980834960938,1,vector,0.5
sciq_311,"Often generated by molecular cloning, transgenic organisms possess what from a different species?",Genes,dna,sciq,short_form,no_thinking,0,0.0,0.9341924,0.05,0.5020980834960938,1,dna,0.5
sciq_312,What term is used to describe  is the spontaneous emission of particles and radiation from atomic nuclei?,Radioactive decay,radioactivity,sciq,short_form,no_thinking,0,0.0,0.933378,0.05,0.5020980834960938,1,radioactivity,0.5
sciq_313,What divide on their own by a process that resembles binary fission in prokaryotes?,Eukaryotic cells.,mitochondria,sciq,short_form,no_thinking,0,0.0,0.92748386,0.05,0.5020980834960938,1,mitochondria,0.5
sciq_314,Pairs of nitrogenous bases are attached to each other by?,Hydrogen bonds,hydrogen bonds,sciq,short_form,no_thinking,1,1.0,1.0,0.05,0.5020980834960938,1,hydrogen bonds,0.5
sciq_315,What bond is the force of attraction that holds together two atoms that share a pair of valence electrons?,Covalent bond,covalent,sciq,short_form,no_thinking,1,1.0,0.9622207,0.05,0.5020980834960938,1,covalent,0.5
sciq_316,Where are pressure receptors mainly found?,Skin.,the skin,sciq,short_form,no_thinking,1,1.0,0.9505017,0.05,0.5020980834960938,1,the skin,0.5
sciq_317,"Proteins are categorized according to shape and what property, which correlates with it?",Function.,solubility,sciq,short_form,no_thinking,0,0.0,0.9051335,0.05,0.5020980834960938,1,solubility,0.5
sciq_318,What are the smallest structural and functional unit of all living organisms?,Cell,cells,sciq,short_form,no_thinking,0,0.0,0.96759164,0.05,0.5020980834960938,1,cells,0.5
sciq_319,On what lobe of the liver is the gallbladder near?,Right lobe,right lobe,sciq,short_form,no_thinking,1,1.0,1.0,0.05,0.5020980834960938,1,right lobe,0.5
sciq_320,"Who developed a classification system that divided living things into several groups that we still use today, including mammals, insects, and reptiles?",Linnaeus,aristotle,sciq,short_form,no_thinking,0,0.0,0.9176441,0.05,0.5020980834960938,1,aristotle,0.5
sciq_321,Which body system breaks down food and absorbs nutrients?,Digestive system.,digestive system,sciq,short_form,no_thinking,1,1.0,0.9589523,0.05,0.5020980834960938,1,digestive system,0.5
sciq_322,Vivipary refers to the development and nourishment of a what?,Fetus.,embryo,sciq,short_form,no_thinking,0,0.0,0.9303233,0.05,0.5020980834960938,1,embryo,0.5
sciq_323,"Clubfoot, also known as talipes, is a congenital (present at birth) disorder of unknown cause and is the most common deformity of what?",Congenital foot deformities,lower limb,sciq,short_form,no_thinking,0,0.0,0.9139675,0.05,0.5020980834960938,1,lower limb,0.5
sciq_324,What adaptation helps prey hide and predators sneak up on prey?,Camouflage.,camouflage,sciq,short_form,no_thinking,1,1.0,0.96420866,0.05,0.5020980834960938,1,camouflage,0.5
sciq_325,What do nectar-feeding bats do to flowers?,Pollinate them.,pollinate,sciq,short_form,no_thinking,1,1.0,0.950501,0.05,0.5020980834960938,1,pollinate,0.5
sciq_326,When do gases and liquids become solids?,Freezing point.,at low temperatures,sciq,short_form,no_thinking,0,0.0,0.9384701,0.05,0.5020980834960938,1,at low temperatures,0.5
sciq_327,"All biochemical molecules have oxygen, carbon, and what other element?",Hydrogen.,hydrogen,sciq,short_form,no_thinking,1,1.0,0.9526903,0.05,0.5020980834960938,1,hydrogen,0.5
sciq_328,"Temperature and precipitation determine the types of what that can grow in an area, in turn affecting the animals that live there?",Climate zones,plants,sciq,short_form,no_thinking,0,0.0,0.9112129,0.05,0.5020980834960938,1,plants,0.5
sciq_329,What is the most common cause of down syndrome?,Trisomy 21,trisomy 21,sciq,short_form,no_thinking,1,1.0,1.0,0.05,0.5020980834960938,1,trisomy 21,0.5
sciq_330,What type of plants does human welfare depend greatly on?,Agriculture.,seed plants,sciq,short_form,no_thinking,0,0.0,0.9110621,0.05,0.5020980834960938,1,seed plants,0.5
sciq_331,"What is the study of water movement, including waves and ocean currents?",Oceanography.,physical oceanography,sciq,short_form,no_thinking,0,0.0,0.94801295,0.05,0.5020980834960938,1,physical oceanography,0.5
sciq_332,"Sounds are produced when muscles in what organ are tensed, stretching the cords so they vibrate?",Larynx,larnyx,sciq,short_form,no_thinking,0,0.0,0.918722,0.05,0.5020980834960938,1,larnyx,0.5
sciq_333,Why is the life cycle of plants so complex?,Evolutionary adaptation and environmental factors.,alternation of generation,sciq,short_form,no_thinking,0,0.0,0.9167124,0.05,0.5020980834960938,1,alternation of generation,0.5
sciq_334,What do ecosystems absorb on the earth?,Nutrients.,energy,sciq,short_form,no_thinking,0,0.0,0.9181776,0.05,0.5020980834960938,1,energy,0.5
sciq_335,What is the purpose of a bird using flashy displays?,Attracting mates.,to attract mates,sciq,short_form,no_thinking,0,0.0,0.9673545,0.05,0.5020980834960938,1,to attract mates,0.5
sciq_336,Cells have multiple repair mechanisms to fix mutations in what?,DNA.,dna,sciq,short_form,no_thinking,1,1.0,0.9537519,0.05,0.5020980834960938,1,dna,0.5
sciq_337,"Breathing involves differences in what, measured in torr, between the inside of the lungs and the air outside?",Pressure,pressure,sciq,short_form,no_thinking,1,1.0,1.0,0.05,0.5020980834960938,1,pressure,0.5
sciq_338,"When a stream or river slows down, it starts dropping its what?",Sediment.,sediments,sciq,short_form,no_thinking,0,0.0,0.9486925,0.05,0.5020980834960938,1,sediments,0.5
sciq_339,The development of the respiratory system in the fetus begins at about?,Week 3,4 weeks,sciq,short_form,no_thinking,0,0.0,0.927777,0.05,0.5020980834960938,1,4 weeks,0.5
sciq_340,What is usually the most visible part of the flower?,Petals,petals,sciq,short_form,no_thinking,1,1.0,1.0,0.05,0.5020980834960938,1,petals,0.5
sciq_341,Ac is better than dc for doing what?,"AC is better than DC for doing what?  
Answer: Power transmission.",transporting electrcal energy,sciq,short_form,no_thinking,0,0.0,0.9219773,0.05,0.5020980834960938,1,transporting electrcal energy,0.5
sciq_342,Convection is the heat transfer by the macroscopic movement of a what?,fluid,fluid,sciq,short_form,no_thinking,1,1.0,0.99999994,0.05,0.5020980834960938,1,fluid,0.5
sciq_343,"What group was long considered part of the plant kingdom because of obvious similarities; both are immobile, have cell walls, and grow in soil?",Fungi,fungi,sciq,short_form,no_thinking,1,1.0,0.99999994,0.05,0.5020980834960938,1,fungi,0.5
sciq_344,"The small, rocky bodies that orbit the sun are called what?",Asteroids.,asteroids,sciq,short_form,no_thinking,1,1.0,0.9532817,0.05,0.5020980834960938,1,asteroids,0.5
sciq_345,Silk and cotton are examples of what kind of fiber?,Natural fibers.,natural,sciq,short_form,no_thinking,1,1.0,0.9334831,0.05,0.5020980834960938,1,natural,0.5
sciq_346,"Two smaller isotopes, more neutrons, and heat energy are the products of what type of reaction?",Fission,fission,sciq,short_form,no_thinking,1,1.0,1.0,0.05,0.5020980834960938,1,fission,0.5
sciq_347,"Newton’s second law of what is more than a definition; it is a relationship among acceleration, force, and mass?",Law of Motion,motion,sciq,short_form,no_thinking,1,1.0,0.9387507,0.05,0.5020980834960938,1,motion,0.5
sciq_348,What is the general name for a group of atoms derived from an alkane?,Alkene,alkyl group,sciq,short_form,no_thinking,0,0.0,0.9286384,0.05,0.5020980834960938,1,alkyl group,0.5
sciq_349,All types of cells are enclosed by what?,Cell membrane,membrane,sciq,short_form,no_thinking,1,1.0,0.9438642,0.05,0.5020980834960938,1,membrane,0.5
sciq_350,What occurs when excess carbon dioxide in the atmosphere causes the oceans to become acidic?,Ocean acidification.,ocean acidification,sciq,short_form,no_thinking,1,1.0,0.96889323,0.05,0.5020980834960938,1,ocean acidification,0.5
sciq_351,What are most cells surrounded by?,Cell membrane,water,sciq,short_form,no_thinking,0,0.0,0.9137228,0.05,0.5020980834960938,1,water,0.5
sciq_352,Chewing insects mechanically damage plants and lessen the surface area of leaves for what?,Insects damage plants and reduce leaf surface area to make it easier for them to feed on the plant's nutrients.,photosynthesis,sciq,short_form,no_thinking,0,0.0,0.9042619,0.05,0.5020980834960938,1,photosynthesis,0.5
sciq_353,How many families are known quarks divided into?,Three families.,three,sciq,short_form,no_thinking,1,1.0,0.93304133,0.05,0.5020980834960938,1,three,0.5
sciq_354,What is the force that opposes motion between two surfaces that are touching?,Friction.,friction,sciq,short_form,no_thinking,1,1.0,0.96049005,0.05,0.5020980834960938,1,friction,0.5
sciq_355,Isotopes are named for their number of protons plus what?,Neutrons.,neutrons,sciq,short_form,no_thinking,1,1.0,0.96318233,0.05,0.5020980834960938,1,neutrons,0.5
sciq_356,"Candida and trichophyton are examples of disease-causing types of what organisms, which become parasitic?",Fungi,fungi,sciq,short_form,no_thinking,1,1.0,1.0,0.05,0.5020980834960938,1,fungi,0.5
sciq_357,Hepatitis b is inflammation of which organ?,Liver,the liver,sciq,short_form,no_thinking,1,1.0,0.95427215,0.05,0.5020980834960938,1,the liver,0.5
sciq_358,"The lens focuses light on the retina , which covers the back of the inside of the eye. the retina has light-sensing photoreceptor cells called?",Rod and cone cells.,rods and cones,sciq,short_form,no_thinking,0,0.0,0.955845,0.05,0.5020980834960938,1,rods and cones,0.5
sciq_359,Bigger ocean waves and waves that carry more sediment cause a greater extent of what?,Erosion.,erosion,sciq,short_form,no_thinking,1,1.0,0.9555733,0.05,0.5020980834960938,1,erosion,0.5
sciq_360,"The majority of elements, including iron and copper, are of what type?",Metals.,metals,sciq,short_form,no_thinking,1,1.0,0.9483845,0.05,0.5020980834960938,1,metals,0.5
sciq_361,"Trees, which can be planted and harvested, are an example of what type of resource?",Renewable resource.,renewable,sciq,short_form,no_thinking,1,1.0,0.95140815,0.05,0.5020980834960938,1,renewable,0.5
sciq_362,What are the only type of elements capable of changing into different elements?,Radioactive elements.,radioactive elements,sciq,short_form,no_thinking,1,1.0,0.96123964,0.05,0.5020980834960938,1,radioactive elements,0.5
sciq_363,What is a fiber that is found only in mammals?,Keratin,hair,sciq,short_form,no_thinking,0,0.0,0.92270285,0.05,0.5020980834960938,1,hair,0.5
sciq_364,Where do plants take in air?,Stomata.,their leaves,sciq,short_form,no_thinking,0,0.0,0.92999226,0.05,0.5020980834960938,1,their leaves,0.5
sciq_365,A battery is a multiple connection of what kind of cells?,Cells,voltaic cells,sciq,short_form,no_thinking,0,0.0,0.92895275,0.05,0.5020980834960938,1,voltaic cells,0.5
sciq_366,Which is one of the most frequently studied cartilaginous fish?,Whale shark,sharks,sciq,short_form,no_thinking,0,0.0,0.9360216,0.05,0.5020980834960938,1,sharks,0.5
sciq_367,What are groups of stars called that are smaller than a galaxy?,Star clusters.,star clusters,sciq,short_form,no_thinking,1,1.0,0.96724594,0.05,0.5020980834960938,1,star clusters,0.5
sciq_368,Prophase is preceded by a preprophase stage in what type of cells?,Eukaryotic cells.,plant cells,sciq,short_form,no_thinking,0,0.0,0.9341305,0.05,0.5020980834960938,1,plant cells,0.5
sciq_369,Excessive exposure to what is the main cause of skin cancer?,Ultraviolet radiation.,uv light,sciq,short_form,no_thinking,0,0.0,0.94865316,0.05,0.5020980834960938,1,uv light,0.5
sciq_370,What is another name for anther pollen sacs?,Microsporangia.,microsporangia,sciq,short_form,no_thinking,1,1.0,0.97386664,0.05,0.5020980834960938,1,microsporangia,0.5
sciq_371,What acids are the structural components of many lipids and may be saturated or unsaturated?,Fatty acids,fatty acids,sciq,short_form,no_thinking,1,1.0,1.0,0.05,0.5020980834960938,1,fatty acids,0.5
sciq_372,All the atoms of a given element have the same number what?,Atomic number.,protons and electrons,sciq,short_form,no_thinking,0,0.0,0.92964005,0.05,0.5020980834960938,1,protons and electrons,0.5
sciq_373,How many mass extinctions have occurred throughout earth's history?,Five.,five,sciq,short_form,no_thinking,1,1.0,0.9607565,0.05,0.5020980834960938,1,five,0.5
sciq_374,Trees and shrubs are example of what type of plant?,Woody plants.,perennials,sciq,short_form,no_thinking,0,0.0,0.92414916,0.05,0.5020980834960938,1,perennials,0.5
sciq_375,What element is present in all organic molecules?,Carbon,carbon,sciq,short_form,no_thinking,1,1.0,1.0,0.05,0.5020980834960938,1,carbon,0.5
sciq_376,"Lichens are not a single organism, but rather an example of a what?",Symbiosis.,mutualism,sciq,short_form,no_thinking,0,0.0,0.93814987,0.05,0.5020980834960938,1,mutualism,0.5
sciq_377,The sternocleidomastoid is the major muscle that laterally flexes and rotates what?,neck,head,sciq,short_form,no_thinking,0,0.0,0.9273684,0.05,0.5020980834960938,1,head,0.5
sciq_378,What are people with osteoporosis at increased risk of?,Fractures.,bone fractures,sciq,short_form,no_thinking,0,0.0,0.93860096,0.05,0.5020980834960938,1,bone fractures,0.5
sciq_379,A hydrogen atom with one neutron is called what?,Deuterium,deuterium,sciq,short_form,no_thinking,1,1.0,1.0,0.05,0.5020980834960938,1,deuterium,0.5
sciq_380,Where do extrusive igneous rocks cool at?,Surface.,surface,sciq,short_form,no_thinking,1,1.0,0.96003836,0.05,0.5020980834960938,1,surface,0.5
sciq_381,The lithosphere is divided into a dozen major and several minor what?,Tectonic plates.,plates,sciq,short_form,no_thinking,1,1.0,0.9391069,0.05,0.5020980834960938,1,plates,0.5
sciq_382,What disease occurs when the cell cycle is no longer regulated?,Cancer.,cancer,sciq,short_form,no_thinking,1,1.0,0.94190675,0.05,0.5020980834960938,1,cancer,0.5
sciq_383,"Can nematodes be a parasite of plants, animals, or both?",Yes.,both,sciq,short_form,no_thinking,0,0.0,0.9160834,0.05,0.5020980834960938,1,both,0.5
sciq_384,What is the union of the cytoplasms of two parent mycelia known as?,Fusion mycelium.,plasmogamy,sciq,short_form,no_thinking,0,0.0,0.91389185,0.05,0.5020980834960938,1,plasmogamy,0.5
sciq_385,What are the little sacs at the end of the bronchioles called?,Alveoli.,alveoli,sciq,short_form,no_thinking,1,1.0,0.9579742,0.05,0.5020980834960938,1,alveoli,0.5
sciq_386,What kind of waves are used in radar guns?,Microwave waves.,microwaves,sciq,short_form,no_thinking,0,0.0,0.946789,0.05,0.5020980834960938,1,microwaves,0.5
sciq_387,What are biochemical catalysts that speed up biochemical reactions?,Enzymes.,enzymes,sciq,short_form,no_thinking,1,1.0,0.9518007,0.05,0.5020980834960938,1,enzymes,0.5
sciq_388,What is the protein in red blood cells which transports oxygen around the body?,Hemoglobin.,hemoglobin,sciq,short_form,no_thinking,1,1.0,0.9604826,0.05,0.5020980834960938,1,hemoglobin,0.5
sciq_389,Where in the target cells are intracellular receptor proteins found?,Cytoplasm.,cytoplasm or nucleus,sciq,short_form,no_thinking,0,0.0,0.9550255,0.05,0.5020980834960938,1,cytoplasm or nucleus,0.5
sciq_390,The number of what subatomic particles determines an element’s atomic number and is used to distinguish one element from another?,Protons.,protons,sciq,short_form,no_thinking,1,1.0,0.96210337,0.05,0.5020980834960938,1,protons,0.5
sciq_391,What system does addictive drugs affect?,Central nervous system.,reward system,sciq,short_form,no_thinking,0,0.0,0.91616386,0.05,0.5020980834960938,1,reward system,0.5
sciq_392,What are thought to have evolved at least 200 million years ago from gymnosperms like gnetae?,angiosperms,flowering plants,sciq,short_form,no_thinking,0,0.0,0.9350637,0.05,0.5020980834960938,1,flowering plants,0.5
sciq_393,What come together to create continents and supercontinents?,Tectonic plates.,microcontinents,sciq,short_form,no_thinking,0,0.0,0.92666805,0.05,0.5020980834960938,1,microcontinents,0.5
sciq_394,The strength of a base depends on the concentration of _______ it produces when dissolved in water?,Hydroxide ions,hydroxide ions,sciq,short_form,no_thinking,1,1.0,1.0,0.05,0.5020980834960938,1,hydroxide ions,0.5
sciq_395,What shape are the muscles that control the anus?,Sphincter muscles.,circular,sciq,short_form,no_thinking,0,0.0,0.90970474,0.05,0.5020980834960938,1,circular,0.5
sciq_396,"What is a therian mammal in which the embryo is born at an early, immature stage?","Therian mammal is a term that refers to a type of mammal, but the question is asking for a specific term for a therian mammal in which the embryo is born at an early, immature stage. The correct term for this is ""mammal with a neotonic embryo,"" but that's not a standard term. The more accurate term is ""mammal with a neotonic embryo"" or ""mammal with a neotonic development."" However, the standard term for a mammal that is born at an early, immature stage is ""neoteny,"" but that's a trait, not a specific term. The correct answer is ""mammal with a neotonic embryo."" But the standard term for this is ""mammal with a neotonic embryo."" However, the correct answer is ""mammal with a neotonic embryo."" But the standard term for this is ""mammal with a neotonic embryo."" But the correct answer is ""mammal with a neotonic embryo."" But the correct answer is ""mammal with a neotonic embryo."" But the correct answer is ""mammal with a neotonic embryo."" But the correct answer is ""m",a marsupial,sciq,short_form,no_thinking,0,0.0,0.9099342,0.05,0.5020980834960938,1,a marsupial,0.5
sciq_397,What do you call water that flows out of the ground where an aquifer meets the surface?,Spring,spring,sciq,short_form,no_thinking,1,1.0,1.0,0.05,0.5020980834960938,1,spring,0.5
sciq_398,A metarteriole is a type of vessel that has structural characteristics of both an arteriole and this?,venule,capillary,sciq,short_form,no_thinking,0,0.0,0.9059637,0.05,0.5020980834960938,1,capillary,0.5
sciq_399,What record provides evidence that new species develop to fill the habitats where old species lived following a mass extinction?,Biston flycatcher.,fossil record,sciq,short_form,no_thinking,0,0.0,0.9036656,0.05,0.5020980834960938,1,fossil record,0.5
sciq_400,What system possesses a memory component that allows for an efficient and dramatic response upon reinvasion of the same pathogen?,Adaptive immune system.,adaptive immune system,sciq,short_form,no_thinking,1,1.0,0.97180796,0.05,0.5020980834960938,1,adaptive immune system,0.5
sciq_401,Atoms of different elements have different numbers of what?,Protons.,protons,sciq,short_form,no_thinking,1,1.0,0.96210337,0.05,0.5020980834960938,1,protons,0.5
sciq_402,The amount of heat required to raise a single mass unit of a substance by a single temperature unit is known as what?,Specific heat capacity.,specific heat,sciq,short_form,no_thinking,1,1.0,0.9582349,0.05,0.5020980834960938,1,specific heat,0.5
sciq_403,"In most fungi, the haploid nuclei contributed by each parent do not do what right away?",Fuse.,fuse,sciq,short_form,no_thinking,1,1.0,0.96265864,0.05,0.5020980834960938,1,fuse,0.5
sciq_404,"The four basic types of tissue are epithelial, muscle, connective, and what?",Nervous,nervous,sciq,short_form,no_thinking,1,1.0,1.0,0.05,0.5020980834960938,1,nervous,0.5
sciq_405,Myofibrils are long cylindrical structures that lie parallel to and run the entire length of what fibers?,Muscle fibers.,skeletal muscle fibers,sciq,short_form,no_thinking,0,0.0,0.9518079,0.05,0.5020980834960938,1,skeletal muscle fibers,0.5
sciq_406,What do induction cooktops have under their surface?,Heating elements.,electromagnets,sciq,short_form,no_thinking,0,0.0,0.9247531,0.05,0.5020980834960938,1,electromagnets,0.5
sciq_407,Most hydrogen atoms have how many protons?,1,one,sciq,short_form,no_thinking,0,0.0,0.9250484,0.05,0.5020980834960938,1,one,0.5
sciq_408,Under what type of conditions can populations grow exponentially?,Unlimited resources and no limiting factors.,ideal,sciq,short_form,no_thinking,0,0.0,0.9090379,0.05,0.5020980834960938,1,ideal,0.5
sciq_409,What is the process called where nitrogen is repeatedly recycled through the biosphere?,Nitrogen Cycle,nitrogen cycle,sciq,short_form,no_thinking,1,1.0,1.0,0.05,0.5020980834960938,1,nitrogen cycle,0.5
sciq_410,Matter undergoing chemical reactions and physical changes can release or absorb heat. a change that releases heat is called what?,Exothermic reaction.,exothermic process,sciq,short_form,no_thinking,0,0.0,0.94817615,0.05,0.5020980834960938,1,exothermic process,0.5
sciq_411,What organs are considered the female gonads?,Ovaries.,ovaries,sciq,short_form,no_thinking,1,1.0,0.95804983,0.05,0.5020980834960938,1,ovaries,0.5
sciq_412,Birds are thought to have evolved from a group of bipedal dinosaurs called what?,Theropods.,therapods,sciq,short_form,no_thinking,0,0.0,0.94385123,0.05,0.5020980834960938,1,therapods,0.5
sciq_413,Which property of diamond makes it so hard?,Crystal structure.,chemical bonds,sciq,short_form,no_thinking,0,0.0,0.9269941,0.05,0.5020980834960938,1,chemical bonds,0.5
sciq_414,What is a structure that is composed of one or more types of tissues?,Organ.,organ,sciq,short_form,no_thinking,1,1.0,0.95934033,0.05,0.5020980834960938,1,organ,0.5
sciq_415,"Most mammals are viviparous, which refers to what reproductive result?",Live birth.,live birth,sciq,short_form,no_thinking,1,1.0,0.971126,0.05,0.5020980834960938,1,live birth,0.5
sciq_416,What development is less risky for the mother?,Pregnancy in the second trimester.,marsupial,sciq,short_form,no_thinking,0,0.0,0.90367043,0.05,0.5020980834960938,1,marsupial,0.5
sciq_417,Compound forms when atoms of nonmetals form molecules that are held together by what?,Covalent bonds,covalent bonds,sciq,short_form,no_thinking,1,1.0,1.0,0.05,0.5020980834960938,1,covalent bonds,0.5
sciq_418,What is considered a good source of calcium?,Dairy products.,milk,sciq,short_form,no_thinking,0,0.0,0.93636966,0.05,0.5020980834960938,1,milk,0.5
sciq_419,"Vascular plants all have roots, stems, and what?",Leaves.,leaves,sciq,short_form,no_thinking,1,1.0,0.95838344,0.05,0.5020980834960938,1,leaves,0.5
sciq_420,What is the process of filtering waste from the kidneys?,Urinary system.,dialysis,sciq,short_form,no_thinking,0,0.0,0.9171899,0.05,0.5020980834960938,1,dialysis,0.5
sciq_421,"Known for its beautiful rings, what is the second largest planet in the solar system?",Saturn,saturn,sciq,short_form,no_thinking,1,1.0,1.0,0.05,0.5020980834960938,1,saturn,0.5
sciq_422,"After coming apart from the crystal, the individual ions are then surrounded by solvent particles in a process called what?",Solvation.,solvation,sciq,short_form,no_thinking,1,1.0,0.96091443,0.05,0.5020980834960938,1,solvation,0.5
sciq_423,What is the term for the multi-phase process in which the nucleus of the cell divides?,Mitosis,mitosis,sciq,short_form,no_thinking,1,1.0,1.0,0.05,0.5020980834960938,1,mitosis,0.5
sciq_424,What do you call health-promoting molecules that inhibit the oxidation of other molecules?,Antioxidants.,antioxidants,sciq,short_form,no_thinking,1,1.0,0.9657658,0.05,0.5020980834960938,1,antioxidants,0.5
sciq_425,"What term always refers to acceleration in the direction opposite to the direction of the velocity and always reduces speed, unlike negative acceleration?",Deceleration.,deceleration,sciq,short_form,no_thinking,1,1.0,0.9706123,0.05,0.5020980834960938,1,deceleration,0.5
sciq_426,What are the specialized cells that sponges have?,Choanocytes.,collar cells,sciq,short_form,no_thinking,0,0.0,0.9318582,0.05,0.5020980834960938,1,collar cells,0.5
sciq_427,What do charged particles in motion generate?,Magnetic field,magnetic fields,sciq,short_form,no_thinking,0,0.0,0.97295654,0.05,0.5020980834960938,1,magnetic fields,0.5
sciq_428,Does lava flow quickly or slowly when thick?,Slowly,slowly,sciq,short_form,no_thinking,1,1.0,1.0,0.05,0.5020980834960938,1,slowly,0.5
sciq_429,"When compared to anaerobic respiration, what does aerobic respiration release more of?",Energy,energy,sciq,short_form,no_thinking,1,1.0,0.99999994,0.05,0.5020980834960938,1,energy,0.5
sciq_430,What structures are at the end of the long air passages in the lungs?,Alveoli.,alveoli,sciq,short_form,no_thinking,1,1.0,0.9579742,0.05,0.5020980834960938,1,alveoli,0.5
sciq_431,Centrioles help organize the chromosomes before cell division so that each daughter cell has the correct number of what?,Chromosomes.,chromosomes,sciq,short_form,no_thinking,1,1.0,0.95837146,0.05,0.5020980834960938,1,chromosomes,0.5
sciq_432,What term describes the distance between two corresponding points on adjacent waves?,Wavelength.,wavelength,sciq,short_form,no_thinking,1,1.0,0.964984,0.05,0.5020980834960938,1,wavelength,0.5
sciq_433,The cell membrane consists of two layers of what?,Phospholipids,phospholipids,sciq,short_form,no_thinking,1,1.0,1.0,0.05,0.5020980834960938,1,phospholipids,0.5
sciq_434,What are tiny hairs that line the bronchi called?,Ciliated cells,cilia,sciq,short_form,no_thinking,1,1.0,0.9449741,0.05,0.5020980834960938,1,cilia,0.5
sciq_435,What sort of walls are helpful for keeping a slope stable?,Retaining walls.,retaining walls,sciq,short_form,no_thinking,1,1.0,0.971667,0.05,0.5020980834960938,1,retaining walls,0.5
sciq_436,"What process, which is in many ways the opposite of photosynthesis, shows the interdependence of producers and consumers?",Respiration,cellular respiration,sciq,short_form,no_thinking,0,0.0,0.9505384,0.05,0.5020980834960938,1,cellular respiration,0.5
sciq_437,Approximately 20% of the atmosphere is made of which element?,Nitrogen,oxygen,sciq,short_form,no_thinking,0,0.0,0.9176957,0.05,0.5020980834960938,1,oxygen,0.5
sciq_438,Honeybees doing the waggle dance or spiders spinning a web are examples of what type of behavior?,Instinctive behavior.,innate,sciq,short_form,no_thinking,0,0.0,0.91902596,0.05,0.5020980834960938,1,innate,0.5
sciq_439,What is another name for the vertebral column?,Spine,backbone,sciq,short_form,no_thinking,0,0.0,0.9188904,0.05,0.5020980834960938,1,backbone,0.5
sciq_440,What kind of reproduction generates most of the genetic variation that makes evolutionary adaptation possible?,Sexual reproduction.,sexual reproduction,sciq,short_form,no_thinking,1,1.0,0.9703835,0.05,0.5020980834960938,1,sexual reproduction,0.5
sciq_441,What kind of weather do psychrophiles need to grow and reproduce?,Cold weather.,cold temperatures,sciq,short_form,no_thinking,0,0.0,0.9467809,0.05,0.5020980834960938,1,cold temperatures,0.5
sciq_442,What evolutionary process has adapted protonephridia to different tasks in different environments?,Metamorphosis,natural selection,sciq,short_form,no_thinking,0,0.0,0.9167116,0.05,0.5020980834960938,1,natural selection,0.5
sciq_443,A vector is any quantity that has magnitude and what?,Direction,direction,sciq,short_form,no_thinking,1,1.0,1.0,0.05,0.5020980834960938,1,direction,0.5
sciq_444,"All of the populations that live in the same area make up what type of group, which includes populations of different organisms?",Ecological community.,community,sciq,short_form,no_thinking,1,1.0,0.92934287,0.05,0.5020980834960938,1,community,0.5
sciq_445,The relationship between a nucleotide codon and its corresponding amino acid is called what?,Genetic code.,genetic code,sciq,short_form,no_thinking,1,1.0,0.9559379,0.05,0.5020980834960938,1,genetic code,0.5
sciq_446,What makes marginal lands unsuitable for farming?,Low fertility and poor soil quality.,drought,sciq,short_form,no_thinking,0,0.0,0.9175514,0.05,0.5020980834960938,1,drought,0.5
sciq_447,The ladybug and the frog both start as eggs and go through what process?,Metamorphosis.,metamorphosis,sciq,short_form,no_thinking,1,1.0,0.96640444,0.05,0.5020980834960938,1,metamorphosis,0.5
sciq_448,Where on a jellyfish is the mouth opening located?,Belly.,underside,sciq,short_form,no_thinking,0,0.0,0.9243897,0.05,0.5020980834960938,1,underside,0.5
sciq_449,Parasites infect the host's what?,Cells,red blood cells,sciq,short_form,no_thinking,0,0.0,0.94203955,0.05,0.5020980834960938,1,red blood cells,0.5
sciq_450,"In photosynthesis, what process involving carbon dioxide and oxygen occurs through small, regulated openings called stomata?",Photosynthesis,gas exchange,sciq,short_form,no_thinking,0,0.0,0.917168,0.05,0.5020980834960938,1,gas exchange,0.5
sciq_451,What do you call the basic units of the structure and function of living things?,Cell,cells,sciq,short_form,no_thinking,0,0.0,0.96759164,0.05,0.5020980834960938,1,cells,0.5
sciq_452,What do mammals have under the skin to help insulate the body?,Fats.,a layer of fat,sciq,short_form,no_thinking,0,0.0,0.9407623,0.05,0.5020980834960938,1,a layer of fat,0.5
sciq_453,Water seeps into the ground through permeable material and stops when it reaches what?,Impervious material.,impermeable rock,sciq,short_form,no_thinking,0,0.0,0.93223506,0.05,0.5020980834960938,1,impermeable rock,0.5
sciq_454,What type of bonds are formed between atoms sharing electrons?,Covalent bonds.,covalent,sciq,short_form,no_thinking,1,1.0,0.9469516,0.05,0.5020980834960938,1,covalent,0.5
sciq_455,What particles ancient greeks propose that matter consists of ?,Atoms,atoms,sciq,short_form,no_thinking,1,1.0,0.99999994,0.05,0.5020980834960938,1,atoms,0.5
sciq_456,What does the ovule mature into after double fertilization?,Ovary.,a seed,sciq,short_form,no_thinking,0,0.0,0.9187933,0.05,0.5020980834960938,1,a seed,0.5
sciq_457,"Skeletal, cardiac, and smooth are all types of what?",Muscle tissue.,muscle,sciq,short_form,no_thinking,1,1.0,0.9458755,0.05,0.5020980834960938,1,muscle,0.5
sciq_458,What is it called when two plates slide past each other in opposite directions?,Transform fault.,transform plate boundary,sciq,short_form,no_thinking,0,0.0,0.9236446,0.05,0.5020980834960938,1,transform plate boundary,0.5
sciq_459,Assume a molecule must cross the plasma membrane into what?,Cytoplasm.,cell,sciq,short_form,no_thinking,0,0.0,0.93483454,0.05,0.5020980834960938,1,cell,0.5
sciq_460,What is the term used to describe the minerals and vitamins that are not needed for providing the body with energy but are still essential for good health?,"Vitamins and minerals are essential for good health but not for energy. The term for these is ""essential nutrients."" However, since the question asks for a concise term, the answer is: **Essential nutrients**.",micronutrients,sciq,short_form,no_thinking,0,0.0,0.925279,0.05,0.5020980834960938,1,micronutrients,0.5
sciq_461,What happens when mammals raise their hair with tiny muscles in the skin?,Piloerection.,goosebumps,sciq,short_form,no_thinking,0,0.0,0.90720737,0.05,0.5020980834960938,1,goosebumps,0.5
sciq_462,What is the the process by which remains or traces of living things become fossils called?,Fossilization.,fossilization,sciq,short_form,no_thinking,1,1.0,0.96995026,0.05,0.5020980834960938,1,fossilization,0.5
sciq_463,What anatomical feature is shared by all chordates?,Pharyngeal slits,notochord,sciq,short_form,no_thinking,0,0.0,0.90593237,0.05,0.5020980834960938,1,notochord,0.5
sciq_464,What is released to lubricate the vagina to facilitate intercourse?,Sperm.,vaginal secretions,sciq,short_form,no_thinking,0,0.0,0.91461116,0.05,0.5020980834960938,1,vaginal secretions,0.5
sciq_465,What are different types of tissues organized into functional units called?,Organ systems.,organs,sciq,short_form,no_thinking,0,0.0,0.9518132,0.05,0.5020980834960938,1,organs,0.5
sciq_466,"In amphibians, reptiles, birds, and mammals, blood flow is directed in two circuits: one through the lungs and back to the heart, which is called what?",Pulmonary circuit,pulmonary circulation,sciq,short_form,no_thinking,0,0.0,0.93307465,0.05,0.5020980834960938,1,pulmonary circulation,0.5
sciq_467,What type of mirror is shaped like the outside of a bowl?,Convex mirror,convex,sciq,short_form,no_thinking,1,1.0,0.9421017,0.05,0.5020980834960938,1,convex,0.5
sciq_468,"In a plant, the flower contains what?",Genes.,pollen and eggs,sciq,short_form,no_thinking,0,0.0,0.91643953,0.05,0.5020980834960938,1,pollen and eggs,0.5
sciq_469,Lyme disease is caused by what kind of organim?,Bacteria.,bacteria,sciq,short_form,no_thinking,1,1.0,0.94819516,0.05,0.5020980834960938,1,bacteria,0.5
sciq_470,The hypothalamus in vertebrates integrates what two systems?,Autonomic and endocrine systems.,endocrine and nervous,sciq,short_form,no_thinking,0,0.0,0.9422069,0.05,0.5020980834960938,1,endocrine and nervous,0.5
sciq_471,"The cell walls of what organisms are strengthened by chitin, unlike plant cell walls, which contain cellulose?",Fungi,fungi,sciq,short_form,no_thinking,1,1.0,1.0,0.05,0.5020980834960938,1,fungi,0.5
sciq_472,"In contrast with cnidarians, nematodes show a tubular morphology and circular cross-section. these animals are pseudocoelomates and show the presence of a complete digestive system with a distinct mouth and this?",Ancestral to protostomes.,anus,sciq,short_form,no_thinking,0,0.0,0.90700245,0.05,0.5020980834960938,1,anus,0.5
sciq_473,"Monosaccharides, disaccharides, and polysaccharides are types of what kind of macromolecule?",Carbohydrates.,carbohydrate,sciq,short_form,no_thinking,1,1.0,0.95524323,0.05,0.5020980834960938,1,carbohydrate,0.5
sciq_474,All cells have a jellylike substance in which subcellular components are suspended. what is that substance?,Cytoplasm,cytosol,sciq,short_form,no_thinking,0,0.0,0.93402517,0.05,0.5020980834960938,1,cytosol,0.5
sciq_475,Radioactive nuclei and particles are represented by which symbols?,Isotope symbols.,nuclear,sciq,short_form,no_thinking,0,0.0,0.92176664,0.05,0.5020980834960938,1,nuclear,0.5
sciq_476,How many openings do adult tunicates have that siphon water in and out of the body?,Two,two,sciq,short_form,no_thinking,1,1.0,1.0,0.05,0.5020980834960938,1,two,0.5
sciq_477,What is most energy that is lost to the environment lost as?,Heat,heat,sciq,short_form,no_thinking,1,1.0,1.0,0.05,0.5020980834960938,1,heat,0.5
sciq_478,Heating ice to its melting point (0°c) gives its molecules enough energy to do what?,vibrate and move apart,move,sciq,short_form,no_thinking,1,1.0,0.93063325,0.05,0.5020980834960938,1,move,0.5
sciq_479,A fever also causes the immune system to make more of what?,White blood cells.,white blood cells,sciq,short_form,no_thinking,1,1.0,0.9578453,0.05,0.5020980834960938,1,white blood cells,0.5
sciq_480,What can we learn about a wave by finding the product of the wavelength and frequency?,Wave speed.,speed,sciq,short_form,no_thinking,1,1.0,0.9374121,0.05,0.5020980834960938,1,speed,0.5
sciq_481,Movements in the mantle cause the plates to move over time in a process called what?,Plate tectonics.,continental drift,sciq,short_form,no_thinking,0,0.0,0.92354614,0.05,0.5020980834960938,1,continental drift,0.5
sciq_482,Prokaryotes can reproduce quickly by what?,Binary fission.,binary fission,sciq,short_form,no_thinking,1,1.0,0.970318,0.05,0.5020980834960938,1,binary fission,0.5
sciq_483,What is defined as the ability to do work?,Energy,energy,sciq,short_form,no_thinking,1,1.0,1.0,0.05,0.5020980834960938,1,energy,0.5
sciq_484,Water is used by the plant to move materials up from the roots to make what?,Xylem.,food,sciq,short_form,no_thinking,0,0.0,0.91012746,0.05,0.5020980834960938,1,food,0.5
sciq_485,"Only about one percent of plants have lost what ability, turning them into consumers and even predators, instead of producers?",Photosynthesis.,photosynthesis,sciq,short_form,no_thinking,1,1.0,0.9602986,0.05,0.5020980834960938,1,photosynthesis,0.5
sciq_486,What type of fluid cushions the fetus and helps protect it from injury?,Amniotic fluid.,amniotic,sciq,short_form,no_thinking,1,1.0,0.94384694,0.05,0.5020980834960938,1,amniotic,0.5
sciq_487,Where do short period comets come from?,Oort Cloud.,kuiper belt,sciq,short_form,no_thinking,0,0.0,0.9040206,0.05,0.5020980834960938,1,kuiper belt,0.5
sciq_488,What are plants that are adapted to very dry environments called?,Xerophytes.,xerophytes,sciq,short_form,no_thinking,1,1.0,0.96064794,0.05,0.5020980834960938,1,xerophytes,0.5
sciq_489,"Expansion of a gas into a vacuum is irreversible because the external pressure is measurably less than the internal pressure of the gas, and no states of what exist?",Equilibrium states,equilibrium,sciq,short_form,no_thinking,1,1.0,0.945341,0.05,0.5020980834960938,1,equilibrium,0.5
sciq_490,What determines how long a planet's orbit is around the sun?,Orbital period.,distance,sciq,short_form,no_thinking,0,0.0,0.9059267,0.05,0.5020980834960938,1,distance,0.5
sciq_491,What are gases called that absorb heat in the atmosphere?,Greenhouse gases.,greenhouse gases,sciq,short_form,no_thinking,1,1.0,0.95574236,0.05,0.5020980834960938,1,greenhouse gases,0.5
sciq_492,Which membranous organelles in a cell sequence enzyme and electron molecules for efficient cellular respiration?,Mitochondria.,mitochondria,sciq,short_form,no_thinking,1,1.0,0.9622997,0.05,0.5020980834960938,1,mitochondria,0.5
sciq_493,"What useful tool helps scientists work with, understand and make predictions about extremely complex systems?",Agent-based modeling,models,sciq,short_form,no_thinking,0,0.0,0.91936857,0.05,0.5020980834960938,1,models,0.5
sciq_494,"Skyscrapers and other large structures built on soft ground must be anchored to what, located below the ground surface?",Bedrock,bedrock,sciq,short_form,no_thinking,1,1.0,1.0,0.05,0.5020980834960938,1,bedrock,0.5
sciq_495,Any nucleus that is unstable and decays spontaneously is said to be what?,Unstable nucleus.,radioactive,sciq,short_form,no_thinking,0,0.0,0.922064,0.05,0.5020980834960938,1,radioactive,0.5
sciq_496,In what stage of their life cycle do insects begin developing their wings?,Nymph stage.,pupa,sciq,short_form,no_thinking,0,0.0,0.9151186,0.05,0.5020980834960938,1,pupa,0.5
sciq_497,What is the name for a tool commonly used by molecular biologists to place genetic material into cells?,Electroporation,a viral vector,sciq,short_form,no_thinking,0,0.0,0.9176284,0.05,0.5020980834960938,1,a viral vector,0.5
sciq_498,In what type of animals may a body cavity be present or absent?,Vascular plants and animals.,triploblastic,sciq,short_form,no_thinking,0,0.0,0.9100498,0.05,0.5020980834960938,1,triploblastic,0.5
sciq_499,What are the two components of all solutions?,Solute and solvent.,solute and solvent,sciq,short_form,no_thinking,1,1.0,0.97425145,0.05,0.5020980834960938,1,solute and solvent,0.5
